mc	mn	quarterbeats	quarterbeats_all_endings	duration_qb	mc_onset	mn_onset	event	timesig	staff	voice	duration	gracenote	nominal_duration	scalar	chord_id	dynamics	articulation	staff_text	tempo	qpm	metronome_base	metronome_number	tempo_visible	slur	pedal	decrescendo_hairpin	crescendo_hairpin
1	0	0	0	0.0	0	1/2	Tempo	3/4	1	1	0								Cantabile	187.0			1.0				
1	0	0	0	0.0	0	1/2	Tempo	3/4	1	1	0								ùÖü=144	144.0	ùÖü	144.0	1.0				
1	0	0	0	1.0	0	1/2	Chord	3/4	1	1	1/4		1/4	1	0									0			
2	1	1	1	0.0	0	0	Dynamic	3/4	1	1	0					p											
2	1	1	1	0.5	0	0	Chord	3/4	1	1	1/8		1/8	1	1									1			
2	1	3/2	3/2	0.5	1/8	1/8	Chord	3/4	1	1	1/8		1/8	1	2									1			
2	1	2	2	1.0	1/4	1/4	Chord	3/4	1	1	1/4		1/4	1	3									1			
2	1	3	3	1.0	1/2	1/2	Chord	3/4	1	1	1/4		1/4	1	4												
2	1	1	1	0.0	0	0	Spanner	3/4	2	1	0														0		
2	1	1	1	1.0	0	0	Chord	3/4	2	1	1/4		1/4	1	5										0		
2	1	2	2	1.0	1/4	1/4	Chord	3/4	2	1	1/4		1/4	1	6										0		
2	1	3	3	1.0	1/2	1/2	Chord	3/4	2	1	1/4		1/4	1	7										0		
3	2	4	4	1.5	0	0	Chord	3/4	1	1	3/8		1/4	3/2	8												
3	2	11/2	11/2	0.0	3/8	3/8	Spanner	3/4	1	1	0																0
3	2	11/2	11/2	0.5	3/8	3/8	Chord	3/4	1	1	1/8		1/8	1	9									2			0
3	2	6	6	0.5	1/2	1/2	Chord	3/4	1	1	1/8		1/8	1	10									2			0
3	2	13/2	13/2	0.5	5/8	5/8	Chord	3/4	1	1	1/8		1/8	1	11									2			0
3	2	4	4	0.0	0	0	Spanner	3/4	2	1	0																
3	2	4	4	0.0	0	0	Spanner	3/4	2	1	0														1		
3	2	4	4	1.0	0	0	Chord	3/4	2	1	1/4		1/4	1	12										1		
3	2	5	5	1.0	1/4	1/4	Chord	3/4	2	1	1/4		1/4	1	13										1		
3	2	6	6	1.0	1/2	1/2	Chord	3/4	2	1	1/4		1/4	1	14										1		
4	3	7	7	0.0	0	0	Spanner	3/4	1	1	0																
4	3	7	7	0.5	0	0	Chord	3/4	1	1	1/8		1/8	1	15									3			
4	3	15/2	15/2	0.0	1/8	1/8	Chord	3/4	1	1	0	acciaccatura	1/8	1	16									3			
4	3	15/2	15/2	0.5	1/8	1/8	Chord	3/4	1	1	1/8		1/8	1	17									3			
4	3	8	8	1.0	1/4	1/4	Chord	3/4	1	1	1/4		1/4	1	18									3			
4	3	9	9	1.0	1/2	1/2	Chord	3/4	1	1	1/4		1/4	1	19												
4	3	7	7	0.0	0	0	Spanner	3/4	2	1	0																
4	3	7	7	0.0	0	0	Spanner	3/4	2	1	0														2		
4	3	7	7	1.0	0	0	Chord	3/4	2	1	1/4		1/4	1	20										2		
4	3	8	8	1.0	1/4	1/4	Chord	3/4	2	1	1/4		1/4	1	21										2		
4	3	9	9	1.0	1/2	1/2	Chord	3/4	2	1	1/4		1/4	1	22										2		
5	4	10	10	1.0	0	0	Chord	3/4	1	1	1/4		1/4	1	23												
5	4	12	12	0.5	1/2	1/2	Chord	3/4	1	1	1/8		1/8	1	24												
5	4	25/2	25/2	0.5	5/8	5/8	Chord	3/4	1	1	1/8		1/8	1	25												
5	4	10	10	0.0	0	0	Spanner	3/4	2	1	0																
5	4	10	10	0.0	0	0	Spanner	3/4	2	1	0														3		
5	4	10	10	1.0	0	0	Chord	3/4	2	1	1/4		1/4	1	26										3		
5	4	11	11	1.0	1/4	1/4	Chord	3/4	2	1	1/4		1/4	1	27										3		
5	4	12	12	1.0	1/2	1/2	Chord	3/4	2	1	1/4		1/4	1	28										3		
6	5	13	13	0.5	0	0	Chord	3/4	1	1	1/8		1/8	1	29												
6	5	27/2	27/2	0.0	1/8	1/8	Chord	3/4	1	1	0	acciaccatura	1/8	1	30												
6	5	27/2	27/2	0.5	1/8	1/8	Chord	3/4	1	1	1/8		1/8	1	31												
6	5	14	14	1.0	1/4	1/4	Chord	3/4	1	1	1/4		1/4	1	32												
6	5	15	15	1.0	1/2	1/2	Chord	3/4	1	1	1/4		1/4	1	33												
6	5	13	13	0.0	0	0	Spanner	3/4	2	1	0																
6	5	14	14	0.0	1/4	1/4	Spanner	3/4	2	1	0														4		
6	5	14	14	1.0	1/4	1/4	Chord	3/4	2	1	1/4		1/4	1	34										4		
6	5	15	15	1.0	1/2	1/2	Chord	3/4	2	1	1/4		1/4	1	35										4		
7	6	16	16	0.0	0	0	Chord	3/4	1	1	0	acciaccatura	1/8	1	36												
7	6	16	16	0.5	0	0	Chord	3/4	1	1	1/8		1/8	1	37									4			
7	6	33/2	33/2	0.5	1/8	1/8	Chord	3/4	1	1	1/8		1/8	1	38												
7	6	17	17	1.0	1/4	1/4	Chord	3/4	1	1	1/4		1/4	1	39												
7	6	18	18	0.0	1/2	1/2	Dynamic	3/4	1	1	0					sf											
7	6	18	18	1.0	1/2	1/2	Chord	3/4	1	1	1/4		1/4	1	40												
7	6	16	16	0.0	0	0	Spanner	3/4	2	1	0																
7	6	16	16	0.0	0	0	Spanner	3/4	2	1	0														5		
7	6	16	16	1.0	0	0	Chord	3/4	2	1	1/4		1/4	1	41										5		
7	6	17	17	1.0	1/4	1/4	Chord	3/4	2	1	1/4		1/4	1	42										5		
7	6	18	18	0.0	1/2	1/2	Spanner	3/4	2	1	0																
7	6	18	18	0.0	1/2	1/2	Spanner	3/4	2	1	0														6		
7	6	18	18	1.0	1/2	1/2	Chord	3/4	2	1	1/4		1/4	1	43										6		
8	7	19	19	0.5	0	0	Chord	3/4	1	1	1/8		1/8	1	44												
8	7	39/2	39/2	0.5	1/8	1/8	Chord	3/4	1	1	1/8		1/8	1	45												
8	7	20	20	1.0	1/4	1/4	Chord	3/4	1	1	1/4		1/4	1	46												
8	7	21	21	1.0	1/2	1/2	Chord	3/4	1	1	1/4		1/4	1	47												
8	7	19	19	1.0	0	0	Chord	3/4	1	2	1/4		1/4	1	48												
8	7	20	20	1.0	1/4	1/4	Chord	3/4	1	2	1/4		1/4	1	49												
8	7	21	21	0.0	1/2	1/2	Dynamic	3/4	1	2	0					sf											
8	7	21	21	1.0	1/2	1/2	Chord	3/4	1	2	1/4		1/4	1	50												
8	7	19	19	1.0	0	0	Chord	3/4	2	1	1/4		1/4	1	51										6		
8	7	20	20	1.0	1/4	1/4	Chord	3/4	2	1	1/4		1/4	1	52										6		
8	7	21	21	0.0	1/2	1/2	Spanner	3/4	2	1	0																
8	7	21	21	0.0	1/2	1/2	Spanner	3/4	2	1	0														7		
8	7	21	21	1.0	1/2	1/2	Chord	3/4	2	1	1/4		1/4	1	53										7		
9	8	22	22	0.5	0	0	Chord	3/4	1	1	1/8		1/8	1	54												
9	8	45/2	45/2	0.5	1/8	1/8	Chord	3/4	1	1	1/8		1/8	1	55												
9	8	23	23	1.0	1/4	1/4	Chord	3/4	1	1	1/4		1/4	1	56												
9	8	24	24	1.0	1/2	1/2	Chord	3/4	1	1	1/4		1/4	1	57												
9	8	22	22	1.0	0	0	Chord	3/4	1	2	1/4		1/4	1	58												
9	8	23	23	1.0	1/4	1/4	Chord	3/4	1	2	1/4		1/4	1	59												
9	8	24	24	0.0	1/2	1/2	Dynamic	3/4	1	2	0					f											
9	8	24	24	1.0	1/2	1/2	Chord	3/4	1	2	1/4		1/4	1	60												
9	8	22	22	1.0	0	0	Chord	3/4	2	1	1/4		1/4	1	61										7		
9	8	23	23	1.0	1/4	1/4	Chord	3/4	2	1	1/4		1/4	1	62										7		
9	8	24	24	0.0	1/2	1/2	Spanner	3/4	2	1	0																
9	8	24	24	0.0	1/2	1/2	Spanner	3/4	2	1	0														8		
9	8	24	24	1.0	1/2	1/2	Chord	3/4	2	1	1/4		1/4	1	63										8		
10	9	25	25	0.5	0	0	Chord	3/4	1	1	1/8		1/8	1	64												
10	9	51/2	51/2	0.5	1/8	1/8	Chord	3/4	1	1	1/8		1/8	1	65												
10	9	26	26	1.0	1/4	1/4	Chord	3/4	1	1	1/4		1/4	1	66												
10	9	27	27	1.0	1/2	1/2	Chord	3/4	1	1	1/4		1/4	1	67												
10	9	25	25	1.0	0	0	Chord	3/4	1	2	1/4		1/4	1	68												
10	9	25	25	0.0	0	0	Spanner	3/4	2	1	0																
10	9	25	25	0.0	0	0	Spanner	3/4	2	1	0														9		
10	9	25	25	1.0	0	0	Chord	3/4	2	1	1/4		1/4	1	69										9		
10	9	26	26	1.0	1/4	1/4	Chord	3/4	2	1	1/4		1/4	1	70										9		
10	9	27	27	1.0	1/2	1/2	Chord	3/4	2	1	1/4		1/4	1	71										9		
11	10	28	28	1.5	0	0	Chord	3/4	1	1	3/8		1/4	3/2	72												
11	10	59/2	59/2	0.0	3/8	3/8	Spanner	3/4	1	1	0																1
11	10	59/2	59/2	0.5	3/8	3/8	Chord	3/4	1	1	1/8		1/8	1	73									5			1
11	10	30	30	0.5	1/2	1/2	Chord	3/4	1	1	1/8		1/8	1	74									5			1
11	10	61/2	61/2	0.5	5/8	5/8	Chord	3/4	1	1	1/8		1/8	1	75									5			1
11	10	28	28	0.0	0	0	Spanner	3/4	2	1	0																
11	10	28	28	0.0	0	0	Spanner	3/4	2	1	0														10		
11	10	28	28	1.0	0	0	Chord	3/4	2	1	1/4		1/4	1	76										10		
11	10	29	29	1.0	1/4	1/4	Chord	3/4	2	1	1/4		1/4	1	77										10		
11	10	30	30	1.0	1/2	1/2	Chord	3/4	2	1	1/4		1/4	1	78										10		
12	11	31	31	0.0	0	0	Spanner	3/4	1	1	0																
12	11	31	31	0.5	0	0	Chord	3/4	1	1	1/8		1/8	1	79									6			
12	11	63/2	63/2	0.0	1/8	1/8	Chord	3/4	1	1	0	acciaccatura	1/8	1	80									6			
12	11	63/2	63/2	0.5	1/8	1/8	Chord	3/4	1	1	1/8		1/8	1	81									6			
12	11	32	32	1.0	1/4	1/4	Chord	3/4	1	1	1/4		1/4	1	82									6			
12	11	33	33	1.0	1/2	1/2	Chord	3/4	1	1	1/4		1/4	1	83												
12	11	31	31	0.0	0	0	Spanner	3/4	2	1	0																
12	11	31	31	0.0	0	0	Spanner	3/4	2	1	0														11		
12	11	31	31	1.0	0	0	Chord	3/4	2	1	1/4		1/4	1	84										11		
12	11	32	32	1.0	1/4	1/4	Chord	3/4	2	1	1/4		1/4	1	85										11		
12	11	33	33	1.0	1/2	1/2	Chord	3/4	2	1	1/4		1/4	1	86										11		
13	12	34	34	1.0	0	0	Chord	3/4	1	1	1/4		1/4	1	87												
13	12	36	36	0.5	1/2	1/2	Chord	3/4	1	1	1/8		1/8	1	88												
13	12	73/2	73/2	0.5	5/8	5/8	Chord	3/4	1	1	1/8		1/8	1	89												
13	12	34	34	0.0	0	0	Spanner	3/4	2	1	0																
13	12	34	34	0.0	0	0	Spanner	3/4	2	1	0														12		
13	12	34	34	1.0	0	0	Chord	3/4	2	1	1/4		1/4	1	90										12		
13	12	35	35	1.0	1/4	1/4	Chord	3/4	2	1	1/4		1/4	1	91										12		
13	12	36	36	1.0	1/2	1/2	Chord	3/4	2	1	1/4		1/4	1	92										12		
14	13	37	37	0.5	0	0	Chord	3/4	1	1	1/8		1/8	1	93									7			
14	13	75/2	75/2	0.0	1/8	1/8	Chord	3/4	1	1	0	acciaccatura	1/8	1	94									7			
14	13	75/2	75/2	0.5	1/8	1/8	Chord	3/4	1	1	1/8		1/8	1	95									7			
14	13	38	38	1.0	1/4	1/4	Chord	3/4	1	1	1/4		1/4	1	96									7			
14	13	39	39	1.0	1/2	1/2	Chord	3/4	1	1	1/4		1/4	1	97												
14	13	37	37	0.0	0	0	Spanner	3/4	2	1	0																
14	13	38	38	0.0	1/4	1/4	Spanner	3/4	2	1	0														13		
14	13	38	38	1.0	1/4	1/4	Chord	3/4	2	1	1/4		1/4	1	98										13		
14	13	39	39	1.0	1/2	1/2	Chord	3/4	2	1	1/4		1/4	1	99										13		
15	14	40	40	1.0	0	0	Chord	3/4	1	1	1/4		1/4	1	100												
15	14	41	41	0.5	1/4	1/4	Chord	3/4	1	1	1/8		1/8	1	101									8			
15	14	83/2	83/2	0.5	3/8	3/8	Chord	3/4	1	1	1/8		1/8	1	102									8			
15	14	42	42	0.0	1/2	1/2	Dynamic	3/4	1	1	0					f								8			
15	14	42	42	0.5	1/2	1/2	Chord	3/4	1	1	1/8		1/8	1	103									8			
15	14	85/2	85/2	0.5	5/8	5/8	Chord	3/4	1	1	1/8		1/8	1	104												
15	14	40	40	0.0	0	0	Spanner	3/4	2	1	0																
15	14	40	40	0.0	0	0	Spanner	3/4	2	1	0														14		
15	14	40	40	1.0	0	0	Chord	3/4	2	1	1/4		1/4	1	105										14		
15	14	41	41	1.0	1/4	1/4	Chord	3/4	2	1	1/4		1/4	1	106										14		
15	14	42	42	0.0	1/2	1/2	Spanner	3/4	2	1	0																
15	14	42	42	1.0	1/2	1/2	Chord	3/4	2	1	1/4		1/4	1	107												
16	15	43	43	0.5	0	0	Chord	3/4	1	1	1/8		1/8	1	108									9			
16	15	87/2	87/2	0.0	1/8	1/8	Spanner	3/4	1	1	0													9		0	
16	15	87/2	87/2	0.5	1/8	1/8	Chord	3/4	1	1	1/8		1/8	1	109									9		0	
16	15	44	44	0.5	1/4	1/4	Chord	3/4	1	1	1/8		1/8	1	110									9		0	
16	15	89/2	89/2	0.0	3/8	3/8	Chord	3/4	1	1	0	acciaccatura	1/8	1	111									9		0	
16	15	89/2	89/2	0.5	3/8	3/8	Chord	3/4	1	1	1/8		1/8	1	112									9		0	
16	15	45	45	0.5	1/2	1/2	Chord	3/4	1	1	1/8		1/8	1	113									9		0	
16	15	91/2	91/2	0.5	5/8	5/8	Chord	3/4	1	1	1/8		1/8	1	114											0	
16	15	43	43	0.0	0	0	Spanner	3/4	2	1	0														15		
16	15	44	44	1.0	1/4	1/4	Chord	3/4	2	1	1/4		1/4	1	115										15		
16	15	45	45	1.0	1/2	1/2	Chord	3/4	2	1	1/4		1/4	1	116										15		
16	15	43	43	3.0	0	0	Chord	3/4	2	2	3/4		1/2	3/2	117										15		
17	16	46	46	0.0	0	0	Spanner	3/4	1	1	0																
17	16	46	46	0.5	0	0	Chord	3/4	1	1	1/8		1/8	1	118									10			
17	16	93/2	93/2	0.5	1/8	1/8	Chord	3/4	1	1	1/8		1/8	1	119									10			
17	16	47	47	2.0	1/4	1/4	Chord	3/4	1	1	1/2		1/2	1	120												
17	16	46	46	0.0	0	0	Spanner	3/4	2	1	0																
17	16	46	46	0.0	0	0	Spanner	3/4	2	1	0														16		
17	16	46	46	1.0	0	0	Chord	3/4	2	1	1/4		1/4	1	121										16		
17	16	47	47	0.0	1/4	1/4	Spanner	3/4	2	1	0																
17	16	47	47	0.0	1/4	1/4	Spanner	3/4	2	1	0														17		
17	16	47	47	1.0	1/4	1/4	Chord	3/4	2	1	1/4		1/4	1	122										17		
17	16	48	48	1.0	1/2	1/2	Chord	3/4	2	1	1/4		1/4	1	123										17		
18	17	49	49	0.0	0	0	Dynamic	3/4	1	1	0					sf											
18	17	49	49	0.0	0	0	Chord	3/4	1	1	0	acciaccatura	1/8	1	124												
18	17	49	49	3.0	0	0	Chord	3/4	1	1	3/4		1/2	3/2	125												
18	17	49	49	0.0	0	0	Spanner	3/4	2	1	0																
18	17	49	49	0.0	0	0	Spanner	3/4	2	1	0														18		
18	17	49	49	1.0	0	0	Chord	3/4	2	1	1/4		1/4	1	126										18		
18	17	50	50	1.0	1/4	1/4	Chord	3/4	2	1	1/4		1/4	1	127										18		
18	17	51	51	0.0	1/2	1/2	Spanner	3/4	2	1	0																
18	17	51	51	0.0	1/2	1/2	Spanner	3/4	2	1	0														19		
18	17	51	51	1.0	1/2	1/2	Chord	3/4	2	1	1/4		1/4	1	128										19		
19	18	52	52	0.0	0	0	Spanner	3/4	1	1	0															1	
19	18	52	52	0.3333333333333333	0	0	Chord	3/4	1	1	1/12		1/8	2/3	129									11		1	
19	18	157/3	157/3	0.3333333333333333	1/12	1/12	Chord	3/4	1	1	1/12		1/8	2/3	130									11		1	
19	18	158/3	158/3	0.3333333333333333	1/6	1/6	Chord	3/4	1	1	1/12		1/8	2/3	131											1	
19	18	53	53	0.0	1/4	1/4	Spanner	3/4	1	1	0																
19	18	53	53	1.0	1/4	1/4	Chord	3/4	1	1	1/4		1/4	1	132												
19	18	54	54	1.0	1/2	1/2	Chord	3/4	1	1	1/4		1/4	1	133												
19	18	52	52	1.0	0	0	Chord	3/4	2	1	1/4		1/4	1	134										19		
19	18	53	53	0.0	1/4	1/4	Spanner	3/4	2	1	0																
19	18	53	53	0.0	1/4	1/4	Spanner	3/4	2	1	0														20		
19	18	53	53	1.0	1/4	1/4	Chord	3/4	2	1	1/4		1/4	1	135										20		
19	18	54	54	1.0	1/2	1/2	Chord	3/4	2	1	1/4		1/4	1	136										20		
19	18	52	52	0.3333333333333333	0	0	Chord	3/4	2	2	1/12		1/8	2/3	137										20		
19	18	157/3	157/3	0.3333333333333333	1/12	1/12	Chord	3/4	2	2	1/12		1/8	2/3	138										20		
19	18	158/3	158/3	0.3333333333333333	1/6	1/6	Chord	3/4	2	2	1/12		1/8	2/3	139										20		
19	18	53	53	1.0	1/4	1/4	Chord	3/4	2	2	1/4		1/4	1	140										20		
19	18	52	52	1.0	0	0	Chord	3/4	2	3	1/4		1/4	1	141										20		
20	19	55	55	0.0	0	0	Chord	3/4	1	1	0	acciaccatura	1/8	1	142												
20	19	55	55	3.0	0	0	Chord	3/4	1	1	3/4		1/2	3/2	143												
20	19	55	55	0.0	0	0	Spanner	3/4	2	1	0																
20	19	55	55	0.0	0	0	Spanner	3/4	2	1	0														21		
20	19	55	55	1.0	0	0	Chord	3/4	2	1	1/4		1/4	1	144										21		
20	19	56	56	1.0	1/4	1/4	Chord	3/4	2	1	1/4		1/4	1	145										21		
20	19	57	57	0.0	1/2	1/2	Spanner	3/4	2	1	0														22		
20	19	57	57	0.0	1/2	1/2	Spanner	3/4	2	1	0														22		
20	19	57	57	1.0	1/2	1/2	Chord	3/4	2	1	1/4		1/4	1	146										22		
21	20	58	58	0.0	0	0	Spanner	3/4	1	1	0															2	
21	20	58	58	0.3333333333333333	0	0	Chord	3/4	1	1	1/12		1/8	2/3	147									12		2	
21	20	175/3	175/3	0.3333333333333333	1/12	1/12	Chord	3/4	1	1	1/12		1/8	2/3	148									12		2	
21	20	176/3	176/3	0.3333333333333333	1/6	1/6	Chord	3/4	1	1	1/12		1/8	2/3	149											2	
21	20	59	59	0.0	1/4	1/4	Spanner	3/4	1	1	0																
21	20	59	59	1.0	1/4	1/4	Chord	3/4	1	1	1/4		1/4	1	150												
21	20	60	60	0.5	1/2	1/2	Chord	3/4	1	1	1/8		1/8	1	151									13			
21	20	121/2	121/2	0.5	5/8	5/8	Chord	3/4	1	1	1/8		1/8	1	152									13			
21	20	58	58	1.0	0	0	Chord	3/4	2	1	1/4		1/4	1	153										22		
21	20	59	59	0.0	1/4	1/4	Spanner	3/4	2	1	0																
21	20	59	59	0.0	1/4	1/4	Spanner	3/4	2	1	0														23		
21	20	59	59	1.0	1/4	1/4	Chord	3/4	2	1	1/4		1/4	1	154										23		
21	20	60	60	1.0	1/2	1/2	Chord	3/4	2	1	1/4		1/4	1	155										23		
21	20	58	58	0.3333333333333333	0	0	Chord	3/4	2	2	1/12		1/8	2/3	156										23		
21	20	175/3	175/3	0.3333333333333333	1/12	1/12	Chord	3/4	2	2	1/12		1/8	2/3	157										23		
21	20	176/3	176/3	0.3333333333333333	1/6	1/6	Chord	3/4	2	2	1/12		1/8	2/3	158										23		
21	20	59	59	1.0	1/4	1/4	Chord	3/4	2	2	1/4		1/4	1	159										23		
21	20	58	58	1.0	0	0	Chord	3/4	2	3	1/4		1/4	1	160										23		
22	21	61	61	0.3333333333333333	0	0	Chord	3/4	1	1	1/12		1/8	2/3	161									13			
22	21	184/3	184/3	0.3333333333333333	1/12	1/12	Chord	3/4	1	1	1/12		1/8	2/3	162									13			
22	21	185/3	185/3	0.3333333333333333	1/6	1/6	Chord	3/4	1	1	1/12		1/8	2/3	163									13			
22	21	62	62	1.0	1/4	1/4	Chord	3/4	1	1	1/4		1/4	1	164												
22	21	63	63	0.5	1/2	1/2	Chord	3/4	1	1	1/8		1/8	1	165									14			
22	21	127/2	127/2	0.5	5/8	5/8	Chord	3/4	1	1	1/8		1/8	1	166									14			
22	21	61	61	0.0	0	0	Dynamic	3/4	1	2	0					pp											
22	21	61	61	1.0	0	0	Chord	3/4	1	2	1/4		1/4	1	167												
22	21	62	62	1.0	1/4	1/4	Chord	3/4	1	2	1/4		1/4	1	168												
22	21	63	63	1.0	1/2	1/2	Chord	3/4	1	2	1/4		1/4	1	169												
22	21	61	61	0.0	0	0	StaffText	3/4	2	1	0							e legatissimo									
22	21	61	61	0.0	0	0	Spanner	3/4	2	1	0																
22	21	61	61	0.0	0	0	Spanner	3/4	2	1	0														24		
22	21	61	61	1.0	0	0	Chord	3/4	2	1	1/4		1/4	1	170										24		
22	21	62	62	1.0	1/4	1/4	Chord	3/4	2	1	1/4		1/4	1	171										24		
22	21	63	63	0.0	1/2	1/2	Spanner	3/4	2	1	0																
22	21	63	63	1.0	1/2	1/2	Chord	3/4	2	1	1/4		1/4	1	172												
23	22	64	64	0.3333333333333333	0	0	Chord	3/4	1	1	1/12		1/8	2/3	173									14			
23	22	193/3	193/3	0.3333333333333333	1/12	1/12	Chord	3/4	1	1	1/12		1/8	2/3	174									14			
23	22	194/3	194/3	0.3333333333333333	1/6	1/6	Chord	3/4	1	1	1/12		1/8	2/3	175									14			
23	22	65	65	1.0	1/4	1/4	Chord	3/4	1	1	1/4		1/4	1	176												
23	22	66	66	1.0	1/2	1/2	Chord	3/4	1	1	1/4		1/4	1	177									15			
23	22	64	64	1.0	0	0	Chord	3/4	1	2	1/4		1/4	1	178												
23	22	65	65	1.0	1/4	1/4	Chord	3/4	1	2	1/4		1/4	1	179												
23	22	66	66	1.0	1/2	1/2	Chord	3/4	1	2	1/4		1/4	1	180												
23	22	64	64	0.0	0	0	Spanner	3/4	2	1	0														25		
23	22	64	64	1.0	0	0	Chord	3/4	2	1	1/4		1/4	1	181										25		
23	22	65	65	1.0	1/4	1/4	Chord	3/4	2	1	1/4		1/4	1	182										25		
23	22	66	66	0.0	1/2	1/2	Spanner	3/4	2	1	0																
23	22	66	66	1.0	1/2	1/2	Chord	3/4	2	1	1/4		1/4	1	183												
24	23	67	67	0.3333333333333333	0	0	Chord	3/4	1	1	1/12		1/8	2/3	184									15			
24	23	202/3	202/3	0.3333333333333333	1/12	1/12	Chord	3/4	1	1	1/12		1/8	2/3	185									15			
24	23	203/3	203/3	0.3333333333333333	1/6	1/6	Chord	3/4	1	1	1/12		1/8	2/3	186									15			
24	23	68	68	1.0	1/4	1/4	Chord	3/4	1	1	1/4		1/4	1	187												
24	23	69	69	0.5	1/2	1/2	Chord	3/4	1	1	1/8		1/8	1	188									16			
24	23	139/2	139/2	0.5	5/8	5/8	Chord	3/4	1	1	1/8		1/8	1	189									16			
24	23	67	67	1.0	0	0	Chord	3/4	1	2	1/4		1/4	1	190												
24	23	68	68	1.0	1/4	1/4	Chord	3/4	1	2	1/4		1/4	1	191												
24	23	69	69	1.0	1/2	1/2	Chord	3/4	1	2	1/4		1/4	1	192												
24	23	67	67	0.0	0	0	Spanner	3/4	2	1	0														26		
24	23	67	67	1.0	0	0	Chord	3/4	2	1	1/4		1/4	1	193										26		
24	23	68	68	1.0	1/4	1/4	Chord	3/4	2	1	1/4		1/4	1	194										26		
24	23	69	69	0.0	1/2	1/2	Spanner	3/4	2	1	0																
24	23	69	69	1.0	1/2	1/2	Chord	3/4	2	1	1/4		1/4	1	195												
25	24	70	70	0.3333333333333333	0	0	Chord	3/4	1	1	1/12		1/8	2/3	196									16			
25	24	211/3	211/3	0.3333333333333333	1/12	1/12	Chord	3/4	1	1	1/12		1/8	2/3	197									16			
25	24	212/3	212/3	0.3333333333333333	1/6	1/6	Chord	3/4	1	1	1/12		1/8	2/3	198									16			
25	24	71	71	1.0	1/4	1/4	Chord	3/4	1	1	1/4		1/4	1	199												
25	24	72	72	1.0	1/2	1/2	Chord	3/4	1	1	1/4		1/4	1	200												
25	24	70	70	1.0	0	0	Chord	3/4	1	2	1/4		1/4	1	201												
25	24	71	71	1.0	1/4	1/4	Chord	3/4	1	2	1/4		1/4	1	202												
25	24	72	72	1.0	1/2	1/2	Chord	3/4	1	2	1/4		1/4	1	203												
25	24	70	70	0.0	0	0	Spanner	3/4	2	1	0														27		
25	24	70	70	1.0	0	0	Chord	3/4	2	1	1/4		1/4	1	204										27		
25	24	71	71	1.0	1/4	1/4	Chord	3/4	2	1	1/4		1/4	1	205										27		
25	24	72	72	0.0	1/2	1/2	Spanner	3/4	2	1	0																
25	24	72	72	1.0	1/2	1/2	Chord	3/4	2	1	1/4		1/4	1	206												
26	25	73	73	0.0	0	0	Dynamic	3/4	1	1	0					sf											
26	25	73	73	0.0	0	0	Chord	3/4	1	1	0	acciaccatura	1/8	1	207												
26	25	73	73	3.0	0	0	Chord	3/4	1	1	3/4		1/2	3/2	208												
26	25	73	73	0.0	0	0	StaffText	3/4	2	1	0							Ped. simile									
26	25	73	73	1.0	0	0	Chord	3/4	2	1	1/4		1/4	1	209												
26	25	74	74	1.0	1/4	1/4	Chord	3/4	2	1	1/4		1/4	1	210												
26	25	75	75	1.0	1/2	1/2	Chord	3/4	2	1	1/4		1/4	1	211												
27	26	76	76	0.3333333333333333	0	0	Chord	3/4	1	1	1/12		1/8	2/3	212									17			
27	26	229/3	229/3	0.3333333333333333	1/12	1/12	Chord	3/4	1	1	1/12		1/8	2/3	213									17			
27	26	230/3	230/3	0.3333333333333333	1/6	1/6	Chord	3/4	1	1	1/12		1/8	2/3	214												
27	26	77	77	1.0	1/4	1/4	Chord	3/4	1	1	1/4		1/4	1	215												
27	26	78	78	1.0	1/2	1/2	Chord	3/4	1	1	1/4		1/4	1	216												
27	26	76	76	1.0	0	0	Chord	3/4	2	1	1/4		1/4	1	217												
27	26	77	77	1.0	1/4	1/4	Chord	3/4	2	1	1/4		1/4	1	218												
27	26	78	78	1.0	1/2	1/2	Chord	3/4	2	1	1/4		1/4	1	219												
27	26	76	76	0.3333333333333333	0	0	Chord	3/4	2	2	1/12		1/8	2/3	220									18			
27	26	229/3	229/3	0.3333333333333333	1/12	1/12	Chord	3/4	2	2	1/12		1/8	2/3	221									18			
27	26	230/3	230/3	0.3333333333333333	1/6	1/6	Chord	3/4	2	2	1/12		1/8	2/3	222												
27	26	77	77	1.0	1/4	1/4	Chord	3/4	2	2	1/4		1/4	1	223												
27	26	76	76	1.0	0	0	Chord	3/4	2	3	1/4		1/4	1	224												
28	27	79	79	0.0	0	0	Dynamic	3/4	1	1	0					sf											
28	27	79	79	0.0	0	0	Chord	3/4	1	1	0	acciaccatura	1/8	1	225												
28	27	79	79	3.0	0	0	Chord	3/4	1	1	3/4		1/2	3/2	226												
28	27	79	79	1.0	0	0	Chord	3/4	2	1	1/4		1/4	1	227												
28	27	80	80	1.0	1/4	1/4	Chord	3/4	2	1	1/4		1/4	1	228												
28	27	81	81	1.0	1/2	1/2	Chord	3/4	2	1	1/4		1/4	1	229												
29	28	82	82	0.3333333333333333	0	0	Chord	3/4	1	1	1/12		1/8	2/3	230									19			
29	28	247/3	247/3	0.3333333333333333	1/12	1/12	Chord	3/4	1	1	1/12		1/8	2/3	231									19			
29	28	248/3	248/3	0.3333333333333333	1/6	1/6	Chord	3/4	1	1	1/12		1/8	2/3	232												
29	28	83	83	1.0	1/4	1/4	Chord	3/4	1	1	1/4		1/4	1	233												
29	28	84	84	0.5	1/2	1/2	Chord	3/4	1	1	1/8		1/8	1	234									20			
29	28	169/2	169/2	0.5	5/8	5/8	Chord	3/4	1	1	1/8		1/8	1	235									20			
29	28	82	82	1.0	0	0	Chord	3/4	2	1	1/4		1/4	1	236												
29	28	83	83	1.0	1/4	1/4	Chord	3/4	2	1	1/4		1/4	1	237												
29	28	84	84	1.0	1/2	1/2	Chord	3/4	2	1	1/4		1/4	1	238												
29	28	82	82	0.3333333333333333	0	0	Chord	3/4	2	2	1/12		1/8	2/3	239									21			
29	28	247/3	247/3	0.3333333333333333	1/12	1/12	Chord	3/4	2	2	1/12		1/8	2/3	240									21			
29	28	248/3	248/3	0.3333333333333333	1/6	1/6	Chord	3/4	2	2	1/12		1/8	2/3	241												
29	28	83	83	1.0	1/4	1/4	Chord	3/4	2	2	1/4		1/4	1	242												
29	28	82	82	1.0	0	0	Chord	3/4	2	3	1/4		1/4	1	243												
30	29	85	85	0.3333333333333333	0	0	Chord	3/4	1	1	1/12		1/8	2/3	244									20			
30	29	256/3	256/3	0.3333333333333333	1/12	1/12	Chord	3/4	1	1	1/12		1/8	2/3	245									20			
30	29	257/3	257/3	0.3333333333333333	1/6	1/6	Chord	3/4	1	1	1/12		1/8	2/3	246									20			
30	29	86	86	1.0	1/4	1/4	Chord	3/4	1	1	1/4		1/4	1	247												
30	29	87	87	0.5	1/2	1/2	Chord	3/4	1	1	1/8		1/8	1	248									22			
30	29	175/2	175/2	0.5	5/8	5/8	Chord	3/4	1	1	1/8		1/8	1	249									22			
30	29	85	85	0.0	0	0	Dynamic	3/4	1	2	0					p											
30	29	85	85	1.0	0	0	Chord	3/4	1	2	1/4		1/4	1	250												
30	29	86	86	1.0	1/4	1/4	Chord	3/4	1	2	1/4		1/4	1	251												
30	29	87	87	1.0	1/2	1/2	Chord	3/4	1	2	1/4		1/4	1	252												
30	29	85	85	0.0	0	0	StaffText	3/4	2	1	0							e legg.									
30	29	85	85	1.0	0	0	Chord	3/4	2	1	1/4		1/4	1	253												
30	29	86	86	1.0	1/4	1/4	Chord	3/4	2	1	1/4		1/4	1	254												
30	29	87	87	1.0	1/2	1/2	Chord	3/4	2	1	1/4		1/4	1	255												
31	30	88	88	0.3333333333333333	0	0	Chord	3/4	1	1	1/12		1/8	2/3	256									22			
31	30	265/3	265/3	0.3333333333333333	1/12	1/12	Chord	3/4	1	1	1/12		1/8	2/3	257									22			
31	30	266/3	266/3	0.3333333333333333	1/6	1/6	Chord	3/4	1	1	1/12		1/8	2/3	258									22			
31	30	89	89	1.0	1/4	1/4	Chord	3/4	1	1	1/4		1/4	1	259												
31	30	90	90	0.5	1/2	1/2	Chord	3/4	1	1	1/8		1/8	1	260									23			
31	30	181/2	181/2	0.5	5/8	5/8	Chord	3/4	1	1	1/8		1/8	1	261									23			
31	30	88	88	1.0	0	0	Chord	3/4	1	2	1/4		1/4	1	262												
31	30	89	89	1.0	1/4	1/4	Chord	3/4	1	2	1/4		1/4	1	263												
31	30	90	90	1.0	1/2	1/2	Chord	3/4	1	2	1/4		1/4	1	264												
31	30	88	88	1.0	0	0	Chord	3/4	2	1	1/4		1/4	1	265												
31	30	89	89	1.0	1/4	1/4	Chord	3/4	2	1	1/4		1/4	1	266												
31	30	90	90	1.0	1/2	1/2	Chord	3/4	2	1	1/4		1/4	1	267												
32	31	91	91	0.3333333333333333	0	0	Chord	3/4	1	1	1/12		1/8	2/3	268									23			
32	31	274/3	274/3	0.0	1/12	1/12	Spanner	3/4	1	1	0													23			2
32	31	274/3	274/3	0.3333333333333333	1/12	1/12	Chord	3/4	1	1	1/12		1/8	2/3	269									23			2
32	31	275/3	275/3	0.3333333333333333	1/6	1/6	Chord	3/4	1	1	1/12		1/8	2/3	270									23			2
32	31	92	92	1.0	1/4	1/4	Chord	3/4	1	1	1/4		1/4	1	271												2
32	31	93	93	0.5	1/2	1/2	Chord	3/4	1	1	1/8		1/8	1	272									24			2
32	31	187/2	187/2	0.5	5/8	5/8	Chord	3/4	1	1	1/8		1/8	1	273									24			2
32	31	91	91	1.0	0	0	Chord	3/4	1	2	1/4		1/4	1	274												2
32	31	92	92	1.0	1/4	1/4	Chord	3/4	1	2	1/4		1/4	1	275												2
32	31	93	93	1.0	1/2	1/2	Chord	3/4	1	2	1/4		1/4	1	276												2
32	31	91	91	1.0	0	0	Chord	3/4	2	1	1/4		1/4	1	277												
32	31	92	92	1.0	1/4	1/4	Chord	3/4	2	1	1/4		1/4	1	278												
32	31	93	93	1.0	1/2	1/2	Chord	3/4	2	1	1/4		1/4	1	279												
33	32	94	94	0.0	0	0	Spanner	3/4	1	1	0																
33	32	94	94	1.0	0	0	Chord	3/4	1	1	1/4		1/4	1	280												
33	32	95	95	0.0	1/4	1/4	Dynamic	3/4	1	1	0					p											
33	32	95	95	1.0	1/4	1/4	Chord	3/4	1	1	1/4		1/4	1	281		articStaccatoAbove										
33	32	96	96	1.0	1/2	1/2	Chord	3/4	1	1	1/4		1/4	1	282		articStaccatoAbove										
33	32	94	94	1.0	0	0	Chord	3/4	2	1	1/4		1/4	1	283												
33	32	95	95	1.0	1/4	1/4	Chord	3/4	2	1	1/4		1/4	1	284		articStaccatoBelow										
33	32	96	96	1.0	1/2	1/2	Chord	3/4	2	1	1/4		1/4	1	285		articStaccatoBelow										
34	33	97	97	0.0	0	0	StaffText	3/4	1	1	0							sotto voce									
34	33	97	97	0.5	0	0	Chord	3/4	1	1	1/8		1/8	1	286									25			
34	33	195/2	195/2	0.5	1/8	1/8	Chord	3/4	1	1	1/8		1/8	1	287									25			
34	33	98	98	1.0	1/4	1/4	Chord	3/4	1	1	1/4		1/4	1	288									25			
34	33	99	99	1.0	1/2	1/2	Chord	3/4	1	1	1/4		1/4	1	289									25			
35	34	100	100	1.0	0	0	Chord	3/4	1	1	1/4		1/4	1	290									25			
35	34	101	101	1.5	1/4	1/4	Chord	3/4	1	1	3/8		1/4	3/2	291									25			
35	34	205/2	205/2	0.5	5/8	5/8	Chord	3/4	1	1	1/8		1/8	1	292												
36	35	103	103	0.5	0	0	Chord	3/4	1	1	1/8		1/8	1	293									26			
36	35	207/2	207/2	0.5	1/8	1/8	Chord	3/4	1	1	1/8		1/8	1	294									26			
36	35	104	104	1.0	1/4	1/4	Chord	3/4	1	1	1/4		1/4	1	295									26			
36	35	105	105	1.0	1/2	1/2	Chord	3/4	1	1	1/4		1/4	1	296									26			
37	36	106	106	0.3333333333333333	0	0	Chord	3/4	1	1	1/12		1/8	2/3	297									26			
37	36	319/3	319/3	0.3333333333333333	1/12	1/12	Chord	3/4	1	1	1/12		1/8	2/3	298									26			
37	36	320/3	320/3	0.3333333333333333	1/6	1/6	Chord	3/4	1	1	1/12		1/8	2/3	299									26			
37	36	107	107	1.0	1/4	1/4	Chord	3/4	1	1	1/4		1/4	1	300									26			
37	36	108	108	1.0	1/2	1/2	Chord	3/4	1	1	1/4		1/4	1	301												
38	37	109	109	0.5	0	0	Chord	3/4	1	1	1/8		1/8	1	302									27			
38	37	219/2	219/2	0.5	1/8	1/8	Chord	3/4	1	1	1/8		1/8	1	303									27			
38	37	110	110	1.0	1/4	1/4	Chord	3/4	1	1	1/4		1/4	1	304									27			
38	37	111	111	0.0	1/2	1/2	StaffText	3/4	1	1	0							poco cresc.						27			
38	37	111	111	1.0	1/2	1/2	Chord	3/4	1	1	1/4		1/4	1	305									27			
39	38	112	112	0.5	0	0	Chord	3/4	1	1	1/8		1/8	1	306									27			
39	38	225/2	225/2	0.5	1/8	1/8	Chord	3/4	1	1	1/8		1/8	1	307									27			
39	38	113	113	1.0	1/4	1/4	Chord	3/4	1	1	1/4		1/4	1	308									27			
39	38	114	114	0.5	1/2	1/2	Chord	3/4	1	1	1/8		1/8	1	309									27			
39	38	229/2	229/2	0.5	5/8	5/8	Chord	3/4	1	1	1/8		1/8	1	310									27			
40	39	115	115	0.5	0	0	Chord	3/4	1	1	1/8		1/8	1	311									27			
40	39	231/2	231/2	0.5	1/8	1/8	Chord	3/4	1	1	1/8		1/8	1	312									27			
40	39	116	116	1.5	1/4	1/4	Chord	3/4	1	1	3/8		1/4	3/2	313									27			
40	39	235/2	235/2	0.5	5/8	5/8	Chord	3/4	1	1	1/8		1/8	1	314									27			
41	40	118	118	0.5	0	0	Chord	3/4	1	1	1/8		1/8	1	315									27			
41	40	237/2	237/2	0.5	1/8	1/8	Chord	3/4	1	1	1/8		1/8	1	316									27			
41	40	119	119	0.5	1/4	1/4	Chord	3/4	1	1	1/8		1/8	1	317									27			
41	40	239/2	239/2	0.5	3/8	3/8	Chord	3/4	1	1	1/8		1/8	1	318									27			
41	40	120	120	0.5	1/2	1/2	Chord	3/4	1	1	1/8		1/8	1	319									27			
41	40	241/2	241/2	0.5	5/8	5/8	Chord	3/4	1	1	1/8		1/8	1	320												
42	41	121	121	0.0	0	0	Dynamic	3/4	1	1	0					mf											
42	41	121	121	0.5	0	0	Chord	3/4	1	1	1/8		1/8	1	321									28			
42	41	243/2	243/2	0.0	1/8	1/8	Chord	3/4	1	1	0	acciaccatura	1/8	1	322									28			
42	41	243/2	243/2	0.5	1/8	1/8	Chord	3/4	1	1	1/8		1/8	1	323									28			
42	41	122	122	1.0	1/4	1/4	Chord	3/4	1	1	1/4		1/4	1	324									28			
42	41	123	123	1.0	1/2	1/2	Chord	3/4	1	1	1/4		1/4	1	325												
42	41	121	121	0.0	0	0	StaffText	3/4	2	1	0							Ped. come sopra									
42	41	121	121	1.0	0	0	Chord	3/4	2	1	1/4		1/4	1	326												
42	41	122	122	1.0	1/4	1/4	Chord	3/4	2	1	1/4		1/4	1	327												
42	41	123	123	1.0	1/2	1/2	Chord	3/4	2	1	1/4		1/4	1	328												
43	42	124	124	1.5	0	0	Chord	3/4	1	1	3/8		1/4	3/2	329												
43	42	251/2	251/2	0.0	3/8	3/8	Spanner	3/4	1	1	0																3
43	42	251/2	251/2	0.5	3/8	3/8	Chord	3/4	1	1	1/8		1/8	1	330									29			3
43	42	126	126	0.5	1/2	1/2	Chord	3/4	1	1	1/8		1/8	1	331									29			3
43	42	253/2	253/2	0.5	5/8	5/8	Chord	3/4	1	1	1/8		1/8	1	332									29			3
43	42	124	124	1.0	0	0	Chord	3/4	2	1	1/4		1/4	1	333												
43	42	125	125	1.0	1/4	1/4	Chord	3/4	2	1	1/4		1/4	1	334												
43	42	126	126	1.0	1/2	1/2	Chord	3/4	2	1	1/4		1/4	1	335												
44	43	127	127	0.0	0	0	Spanner	3/4	1	1	0																
44	43	127	127	0.5	0	0	Chord	3/4	1	1	1/8		1/8	1	336									30			
44	43	255/2	255/2	0.0	1/8	1/8	Chord	3/4	1	1	0	acciaccatura	1/8	1	337									30			
44	43	255/2	255/2	0.5	1/8	1/8	Chord	3/4	1	1	1/8		1/8	1	338									30			
44	43	128	128	1.0	1/4	1/4	Chord	3/4	1	1	1/4		1/4	1	339									30			
44	43	129	129	1.0	1/2	1/2	Chord	3/4	1	1	1/4		1/4	1	340												
44	43	127	127	1.0	0	0	Chord	3/4	2	1	1/4		1/4	1	341												
44	43	128	128	1.0	1/4	1/4	Chord	3/4	2	1	1/4		1/4	1	342												
44	43	129	129	1.0	1/2	1/2	Chord	3/4	2	1	1/4		1/4	1	343												
45	44	130	130	1.0	0	0	Chord	3/4	1	1	1/4		1/4	1	344												
45	44	132	132	0.5	1/2	1/2	Chord	3/4	1	1	1/8		1/8	1	345												
45	44	265/2	265/2	0.5	5/8	5/8	Chord	3/4	1	1	1/8		1/8	1	346												
45	44	130	130	1.0	0	0	Chord	3/4	2	1	1/4		1/4	1	347												
45	44	131	131	1.0	1/4	1/4	Chord	3/4	2	1	1/4		1/4	1	348												
45	44	132	132	1.0	1/2	1/2	Chord	3/4	2	1	1/4		1/4	1	349												
46	45	133	133	0.5	0	0	Chord	3/4	1	1	1/8		1/8	1	350									31			
46	45	267/2	267/2	0.0	1/8	1/8	Chord	3/4	1	1	0	acciaccatura	1/8	1	351									31			
46	45	267/2	267/2	0.5	1/8	1/8	Chord	3/4	1	1	1/8		1/8	1	352									31			
46	45	134	134	1.0	1/4	1/4	Chord	3/4	1	1	1/4		1/4	1	353									31			
46	45	135	135	1.0	1/2	1/2	Chord	3/4	1	1	1/4		1/4	1	354												
46	45	134	134	1.0	1/4	1/4	Chord	3/4	2	1	1/4		1/4	1	355												
46	45	135	135	1.0	1/2	1/2	Chord	3/4	2	1	1/4		1/4	1	356												
47	46	136	136	0.0	0	0	Chord	3/4	1	1	0	acciaccatura	1/8	1	357												
47	46	136	136	0.5	0	0	Chord	3/4	1	1	1/8		1/8	1	358									32			
47	46	273/2	273/2	0.5	1/8	1/8	Chord	3/4	1	1	1/8		1/8	1	359									32			
47	46	137	137	1.0	1/4	1/4	Chord	3/4	1	1	1/4		1/4	1	360												
47	46	138	138	0.0	1/2	1/2	Dynamic	3/4	1	1	0					fz											
47	46	138	138	1.0	1/2	1/2	Chord	3/4	1	1	1/4		1/4	1	361												
47	46	136	136	1.0	0	0	Chord	3/4	2	1	1/4		1/4	1	362												
47	46	137	137	1.0	1/4	1/4	Chord	3/4	2	1	1/4		1/4	1	363												
47	46	138	138	1.0	1/2	1/2	Chord	3/4	2	1	1/4		1/4	1	364												
48	47	139	139	0.5	0	0	Chord	3/4	1	1	1/8		1/8	1	365												
48	47	279/2	279/2	0.5	1/8	1/8	Chord	3/4	1	1	1/8		1/8	1	366												
48	47	140	140	1.0	1/4	1/4	Chord	3/4	1	1	1/4		1/4	1	367												
48	47	141	141	1.0	1/2	1/2	Chord	3/4	1	1	1/4		1/4	1	368												
48	47	139	139	1.0	0	0	Chord	3/4	1	2	1/4		1/4	1	369												
48	47	140	140	1.0	1/4	1/4	Chord	3/4	1	2	1/4		1/4	1	370												
48	47	141	141	0.0	1/2	1/2	Dynamic	3/4	1	2	0					sf											
48	47	141	141	1.0	1/2	1/2	Chord	3/4	1	2	1/4		1/4	1	371												
48	47	139	139	1.0	0	0	Chord	3/4	2	1	1/4		1/4	1	372												
48	47	140	140	1.0	1/4	1/4	Chord	3/4	2	1	1/4		1/4	1	373												
48	47	141	141	1.0	1/2	1/2	Chord	3/4	2	1	1/4		1/4	1	374												
49	48	142	142	0.5	0	0	Chord	3/4	1	1	1/8		1/8	1	375												
49	48	285/2	285/2	0.5	1/8	1/8	Chord	3/4	1	1	1/8		1/8	1	376												
49	48	143	143	1.0	1/4	1/4	Chord	3/4	1	1	1/4		1/4	1	377												
49	48	144	144	1.0	1/2	1/2	Chord	3/4	1	1	1/4		1/4	1	378												
49	48	142	142	1.0	0	0	Chord	3/4	1	2	1/4		1/4	1	379												
49	48	143	143	1.0	1/4	1/4	Chord	3/4	1	2	1/4		1/4	1	380												
49	48	144	144	0.0	1/2	1/2	Dynamic	3/4	1	2	0					sf											
49	48	144	144	1.0	1/2	1/2	Chord	3/4	1	2	1/4		1/4	1	381												
49	48	142	142	1.0	0	0	Chord	3/4	2	1	1/4		1/4	1	382												
49	48	143	143	1.0	1/4	1/4	Chord	3/4	2	1	1/4		1/4	1	383												
49	48	144	144	1.0	1/2	1/2	Chord	3/4	2	1	1/4		1/4	1	384												
50	49	145	145	0.5	0	0	Chord	3/4	1	1	1/8		1/8	1	385									33			
50	49	291/2	291/2	0.5	1/8	1/8	Chord	3/4	1	1	1/8		1/8	1	386									33			
50	49	146	146	1.0	1/4	1/4	Chord	3/4	1	1	1/4		1/4	1	387									33			
50	49	147	147	1.0	1/2	1/2	Chord	3/4	1	1	1/4		1/4	1	388												
50	49	145	145	1.0	0	0	Chord	3/4	1	2	1/4		1/4	1	389												
50	49	145	145	1.0	0	0	Chord	3/4	2	1	1/4		1/4	1	390												
50	49	146	146	1.0	1/4	1/4	Chord	3/4	2	1	1/4		1/4	1	391												
50	49	147	147	1.0	1/2	1/2	Chord	3/4	2	1	1/4		1/4	1	392												
51	50	148	148	1.5	0	0	Chord	3/4	1	1	3/8		1/4	3/2	393												
51	50	299/2	299/2	0.0	3/8	3/8	Spanner	3/4	1	1	0																4
51	50	299/2	299/2	0.5	3/8	3/8	Chord	3/4	1	1	1/8		1/8	1	394									34			4
51	50	150	150	0.5	1/2	1/2	Chord	3/4	1	1	1/8		1/8	1	395									34			4
51	50	301/2	301/2	0.5	5/8	5/8	Chord	3/4	1	1	1/8		1/8	1	396									34			4
51	50	148	148	1.0	0	0	Chord	3/4	2	1	1/4		1/4	1	397												
51	50	149	149	1.0	1/4	1/4	Chord	3/4	2	1	1/4		1/4	1	398												
51	50	150	150	1.0	1/2	1/2	Chord	3/4	2	1	1/4		1/4	1	399												
52	51	151	151	0.0	0	0	Spanner	3/4	1	1	0																
52	51	151	151	0.5	0	0	Chord	3/4	1	1	1/8		1/8	1	400									35			
52	51	303/2	303/2	0.0	1/8	1/8	Chord	3/4	1	1	0	acciaccatura	1/8	1	401									35			
52	51	303/2	303/2	0.5	1/8	1/8	Chord	3/4	1	1	1/8		1/8	1	402									35			
52	51	152	152	1.0	1/4	1/4	Chord	3/4	1	1	1/4		1/4	1	403									35			
52	51	153	153	1.0	1/2	1/2	Chord	3/4	1	1	1/4		1/4	1	404												
52	51	151	151	1.0	0	0	Chord	3/4	2	1	1/4		1/4	1	405												
52	51	152	152	1.0	1/4	1/4	Chord	3/4	2	1	1/4		1/4	1	406												
52	51	153	153	1.0	1/2	1/2	Chord	3/4	2	1	1/4		1/4	1	407												
53	52	154	154	1.0	0	0	Chord	3/4	1	1	1/4		1/4	1	408												
53	52	156	156	0.5	1/2	1/2	Chord	3/4	1	1	1/8		1/8	1	409												
53	52	313/2	313/2	0.5	5/8	5/8	Chord	3/4	1	1	1/8		1/8	1	410												
53	52	154	154	1.0	0	0	Chord	3/4	2	1	1/4		1/4	1	411												
53	52	155	155	1.0	1/4	1/4	Chord	3/4	2	1	1/4		1/4	1	412												
53	52	156	156	1.0	1/2	1/2	Chord	3/4	2	1	1/4		1/4	1	413												
54	53	157	157	0.5	0	0	Chord	3/4	1	1	1/8		1/8	1	414									36			
54	53	315/2	315/2	0.0	1/8	1/8	Chord	3/4	1	1	0	acciaccatura	1/8	1	415									36			
54	53	315/2	315/2	0.5	1/8	1/8	Chord	3/4	1	1	1/8		1/8	1	416									36			
54	53	158	158	1.0	1/4	1/4	Chord	3/4	1	1	1/4		1/4	1	417									36			
54	53	159	159	1.0	1/2	1/2	Chord	3/4	1	1	1/4		1/4	1	418												
54	53	158	158	1.0	1/4	1/4	Chord	3/4	2	1	1/4		1/4	1	419												
54	53	159	159	1.0	1/2	1/2	Chord	3/4	2	1	1/4		1/4	1	420												
55	54	160	160	1.0	0	0	Chord	3/4	1	1	1/4		1/4	1	421												
55	54	161	161	0.0	1/4	1/4	Dynamic	3/4	1	1	0					f											
55	54	161	161	0.5	1/4	1/4	Chord	3/4	1	1	1/8		1/8	1	422									37			
55	54	323/2	323/2	0.5	3/8	3/8	Chord	3/4	1	1	1/8		1/8	1	423									37			
55	54	162	162	0.5	1/2	1/2	Chord	3/4	1	1	1/8		1/8	1	424									37			
55	54	325/2	325/2	0.5	5/8	5/8	Chord	3/4	1	1	1/8		1/8	1	425												
55	54	160	160	1.0	0	0	Chord	3/4	2	1	1/4		1/4	1	426												
55	54	161	161	1.0	1/4	1/4	Chord	3/4	2	1	1/4		1/4	1	427												
55	54	162	162	1.0	1/2	1/2	Chord	3/4	2	1	1/4		1/4	1	428												
56	55	163	163	0.0	0	0	Spanner	3/4	1	1	0															3	
56	55	163	163	0.5	0	0	Chord	3/4	1	1	1/8		1/8	1	429									38		3	
56	55	327/2	327/2	0.5	1/8	1/8	Chord	3/4	1	1	1/8		1/8	1	430									38		3	
56	55	164	164	0.5	1/4	1/4	Chord	3/4	1	1	1/8		1/8	1	431									38		3	
56	55	329/2	329/2	0.0	3/8	3/8	Chord	3/4	1	1	0	acciaccatura	1/8	1	432									38		3	
56	55	329/2	329/2	0.5	3/8	3/8	Chord	3/4	1	1	1/8		1/8	1	433									38		3	
56	55	165	165	0.5	1/2	1/2	Chord	3/4	1	1	1/8		1/8	1	434									38		3	
56	55	331/2	331/2	0.5	5/8	5/8	Chord	3/4	1	1	1/8		1/8	1	435											3	
56	55	164	164	1.0	1/4	1/4	Chord	3/4	2	1	1/4		1/4	1	436												
56	55	165	165	1.0	1/2	1/2	Chord	3/4	2	1	1/4		1/4	1	437												
56	55	163	163	3.0	0	0	Chord	3/4	2	2	3/4		1/2	3/2	438												
57	56	166	166	0.0	0	0	Spanner	3/4	1	1	0																
57	56	166	166	0.5	0	0	Chord	3/4	1	1	1/8		1/8	1	439									39			
57	56	333/2	333/2	0.5	1/8	1/8	Chord	3/4	1	1	1/8		1/8	1	440									39			
57	56	167	167	2.0	1/4	1/4	Chord	3/4	1	1	1/2		1/2	1	441												
57	56	167	167	2.0	1/4	1/4	Chord	3/4	2	1	1/2		1/2	1	442												
57	56	166	166	3.0	0	0	Chord	3/4	2	2	3/4		1/2	3/2	443									40			
