mc	mn	quarterbeats	quarterbeats_all_endings	duration_qb	mc_onset	mn_onset	event	timesig	staff	voice	duration	gracenote	nominal_duration	scalar	chord_id	dynamics	articulation	staff_text	system_text	tempo	qpm	tempo_visible	slur	pedal	Pedal_<sym>keyboardPedalPed</sym>	crescendo_hairpin	crescendo_line	diminuendo_line	HairPin:3_decresc.
1	1	0	0	0.0	0	0	Dynamic	3/4	1	1	0					p													
1	1	0	0	0.0	0	0	StaffText	3/4	1	1	0							legato											
1	1	0	0	0.0	0	0	Tempo	3/4	1	1	0									"(ùÖû.=63)
"	189.0	1.0							
1	1	0	0	0.0	0	0	SystemText	3/4	1	1	0								"<font size=""12""/>Sotto Voce"										
1	1	0	0	1.0	0	0	Chord	3/4	1	1	1/4		1/4	1	0														
1	1	1	1	2.0	1/4	1/4	Chord	3/4	1	1	1/2		1/2	1	1		articAccentAbove												
1	1	0	0	1.0	0	0	Chord	3/4	1	2	1/4		1/4	1	2														
1	1	1	1	1.0	1/4	1/4	Chord	3/4	1	2	1/4		1/4	1	3														
1	1	2	2	0.5	1/2	1/2	Chord	3/4	1	2	1/8		1/8	1	4														
1	1	5/2	5/2	0.5	5/8	5/8	Chord	3/4	1	2	1/8		1/8	1	5														
1	1	0	0	1.0	0	0	Chord	3/4	2	1	1/4		1/4	1	6														
1	1	1	1	2.0	1/4	1/4	Chord	3/4	2	1	1/2		1/2	1	7		articAccentBelow												
2	2	3	3	1.0	0	0	Chord	3/4	1	1	1/4		1/4	1	8														
2	2	4	4	2.0	1/4	1/4	Chord	3/4	1	1	1/2		1/2	1	9		articAccentAbove												
2	2	3	3	0.5	0	0	Chord	3/4	1	2	1/8		1/8	1	10														
2	2	7/2	7/2	0.5	1/8	1/8	Chord	3/4	1	2	1/8		1/8	1	11														
2	2	4	4	1.5	1/4	1/4	Chord	3/4	1	2	3/8		1/4	3/2	12														
2	2	11/2	11/2	0.5	5/8	5/8	Chord	3/4	1	2	1/8		1/8	1	13														
2	2	3	3	1.0	0	0	Chord	3/4	2	1	1/4		1/4	1	14														
2	2	4	4	2.0	1/4	1/4	Chord	3/4	2	1	1/2		1/2	1	15		articAccentBelow												
3	3	6	6	1.0	0	0	Chord	3/4	1	1	1/4		1/4	1	16														
3	3	7	7	2.0	1/4	1/4	Chord	3/4	1	1	1/2		1/2	1	17		articAccentAbove												
3	3	6	6	0.3333333333333333	0	0	Chord	3/4	1	2	1/12		1/8	2/3	18														
3	3	19/3	19/3	0.3333333333333333	1/12	1/12	Chord	3/4	1	2	1/12		1/8	2/3	19														
3	3	20/3	20/3	0.3333333333333333	1/6	1/6	Chord	3/4	1	2	1/12		1/8	2/3	20														
3	3	7	7	1.0	1/4	1/4	Chord	3/4	1	2	1/4		1/4	1	21														
3	3	8	8	0.5	1/2	1/2	Chord	3/4	1	2	1/8		1/8	1	22														
3	3	17/2	17/2	0.5	5/8	5/8	Chord	3/4	1	2	1/8		1/8	1	23														
3	3	6	6	1.0	0	0	Chord	3/4	2	1	1/4		1/4	1	24														
3	3	7	7	2.0	1/4	1/4	Chord	3/4	2	1	1/2		1/2	1	25		articAccentBelow												
4	4	9	9	1.0	0	0	Chord	3/4	1	1	1/4		1/4	1	26														
4	4	10	10	2.0	1/4	1/4	Chord	3/4	1	1	1/2		1/2	1	27		articAccentAbove												
4	4	9	9	0.3333333333333333	0	0	Chord	3/4	1	2	1/12		1/8	2/3	28														
4	4	28/3	28/3	0.3333333333333333	1/12	1/12	Chord	3/4	1	2	1/12		1/8	2/3	29														
4	4	29/3	29/3	0.3333333333333333	1/6	1/6	Chord	3/4	1	2	1/12		1/8	2/3	30														
4	4	10	10	2.0	1/4	1/4	Chord	3/4	1	2	1/2		1/2	1	31														
4	4	9	9	1.0	0	0	Chord	3/4	2	1	1/4		1/4	1	32														
4	4	10	10	2.0	1/4	1/4	Chord	3/4	2	1	1/2		1/2	1	33		articAccentBelow												
5	5	12	12	1.0	0	0	Chord	3/4	1	1	1/4		1/4	1	34		articAccentAbove												
5	5	13	13	1.0	1/4	1/4	Chord	3/4	1	1	1/4		1/4	1	35		articAccentAbove												
5	5	14	14	1.0	1/2	1/2	Chord	3/4	1	1	1/4		1/4	1	36		articAccentAbove												
5	5	12	12	0.3333333333333333	0	0	Chord	3/4	1	2	1/12		1/8	2/3	37														
5	5	37/3	37/3	0.3333333333333333	1/12	1/12	Chord	3/4	1	2	1/12		1/8	2/3	38														
5	5	38/3	38/3	0.3333333333333333	1/6	1/6	Chord	3/4	1	2	1/12		1/8	2/3	39														
5	5	13	13	1.0	1/4	1/4	Chord	3/4	1	2	1/4		1/4	1	40														
5	5	14	14	0.5	1/2	1/2	Chord	3/4	1	2	1/8		1/8	1	41								0						
5	5	29/2	29/2	0.5	5/8	5/8	Chord	3/4	1	2	1/8		1/8	1	42								0						
5	5	12	12	1.0	0	0	Chord	3/4	2	1	1/4		1/4	1	43														
5	5	13	13	1.0	1/4	1/4	Chord	3/4	2	1	1/4		1/4	1	44														
5	5	14	14	1.0	1/2	1/2	Chord	3/4	2	1	1/4		1/4	1	45														
6	6	15	15	1.0	0	0	Chord	3/4	1	1	1/4		1/4	1	46		articAccentAbove												
6	6	16	16	1.0	1/4	1/4	Chord	3/4	1	1	1/4		1/4	1	47		articAccentAbove												
6	6	17	17	1.0	1/2	1/2	Chord	3/4	1	1	1/4		1/4	1	48		articAccentAbove												
6	6	15	15	0.5	0	0	Chord	3/4	1	2	1/8		1/8	1	49								0						
6	6	31/2	31/2	0.5	1/8	1/8	Chord	3/4	1	2	1/8		1/8	1	50								0						
6	6	16	16	0.0	1/4	1/4	Chord	3/4	1	2	0	acciaccatura	1/8	1	51								0						
6	6	16	16	0.5	1/4	1/4	Chord	3/4	1	2	1/8		1/8	1	52								0						
6	6	33/2	33/2	0.5	3/8	3/8	Chord	3/4	1	2	1/8		1/8	1	53								0						
6	6	17	17	0.5	1/2	1/2	Chord	3/4	1	2	1/8		1/8	1	54								0						
6	6	35/2	35/2	0.5	5/8	5/8	Chord	3/4	1	2	1/8		1/8	1	55														
6	6	15	15	1.0	0	0	Chord	3/4	2	1	1/4		1/4	1	56														
6	6	16	16	1.0	1/4	1/4	Chord	3/4	2	1	1/4		1/4	1	57														
6	6	17	17	1.0	1/2	1/2	Chord	3/4	2	1	1/4		1/4	1	58														
7	7	18	18	1.0	0	0	Chord	3/4	1	1	1/4		1/4	1	59														
7	7	19	19	1.0	1/4	1/4	Chord	3/4	1	1	1/4		1/4	1	60														
7	7	20	20	1.0	1/2	1/2	Chord	3/4	1	1	1/4		1/4	1	61														
7	7	18	18	0.3333333333333333	0	0	Chord	3/4	1	2	1/12		1/8	2/3	62														
7	7	55/3	55/3	0.3333333333333333	1/12	1/12	Chord	3/4	1	2	1/12		1/8	2/3	63														
7	7	56/3	56/3	0.3333333333333333	1/6	1/6	Chord	3/4	1	2	1/12		1/8	2/3	64														
7	7	19	19	1.0	1/4	1/4	Chord	3/4	1	2	1/4		1/4	1	65														
7	7	20	20	0.5	1/2	1/2	Chord	3/4	1	2	1/8		1/8	1	66								1						
7	7	41/2	41/2	0.5	5/8	5/8	Chord	3/4	1	2	1/8		1/8	1	67														
7	7	18	18	1.0	0	0	Chord	3/4	2	1	1/4		1/4	1	68														
7	7	19	19	1.0	1/4	1/4	Chord	3/4	2	1	1/4		1/4	1	69														
7	7	20	20	1.0	1/2	1/2	Chord	3/4	2	1	1/4		1/4	1	70														
8	8	21	21	0.3333333333333333	0	0	Chord	3/4	1	1	1/12		1/8	2/3	71		articStaccatoBelow						2						
8	8	64/3	64/3	0.3333333333333333	1/12	1/12	Chord	3/4	1	1	1/12		1/8	2/3	72		articStaccatoBelow						2						
8	8	65/3	65/3	0.3333333333333333	1/6	1/6	Chord	3/4	1	1	1/12		1/8	2/3	73		articStaccatoBelow												
8	8	22	22	1.0	1/4	1/4	Chord	3/4	1	1	1/4		1/4	1	74														
8	8	21	21	1.0	0	0	Chord	3/4	2	1	1/4		1/4	1	75														
8	8	22	22	1.0	1/4	1/4	Chord	3/4	2	1	1/4		1/4	1	76														
9	8	23	23	1.0	0	1/2	Chord	3/4	1	1	1/4		1/4	1	77		articAccentBelow						3						
10	9	24	24	0.5	0	0	Chord	3/4	1	1	1/8		1/8	1	78														
10	9	99/4	99/4	0.25	3/16	3/16	Chord	3/4	1	1	1/16		1/16	1	79								4						
10	9	25	25	1.5	1/4	1/4	Chord	3/4	1	1	3/8		1/4	3/2	80								4						
10	9	53/2	53/2	0.5	5/8	5/8	Chord	3/4	1	1	1/8		1/8	1	81								4						
10	9	24	24	0.0	0	0	Spanner	3/4	2	1	0													0	0				
10	9	24	24	1.0	0	0	Chord	3/4	2	1	1/4		1/4	1	82									0	0				
10	9	25	25	1.0	1/4	1/4	Chord	3/4	2	1	1/4		1/4	1	83									0	0				
10	9	26	26	1.0	1/2	1/2	Chord	3/4	2	1	1/4		1/4	1	84									0	0				
11	10	27	27	0.75	0	0	Chord	3/4	1	1	3/16		1/8	3/2	85								4						
11	10	111/4	111/4	0.25	3/16	3/16	Chord	3/4	1	1	1/16		1/16	1	86								4						
11	10	28	28	1.0	1/4	1/4	Chord	3/4	1	1	1/4		1/4	1	87								4						
11	10	29	29	1.0	1/2	1/2	Chord	3/4	1	1	1/4		1/4	1	88								4						
11	10	27	27	0.0	0	0	Spanner	3/4	2	1	0																		
11	10	27	27	0.0	0	0	Spanner	3/4	2	1	0													1	1				
11	10	27	27	1.0	0	0	Chord	3/4	2	1	1/4		1/4	1	89									1	1				
11	10	28	28	1.0	1/4	1/4	Chord	3/4	2	1	1/4		1/4	1	90									1	1				
11	10	29	29	1.0	1/2	1/2	Chord	3/4	2	1	1/4		1/4	1	91									1	1				
12	11	30	30	0.5	0	0	Chord	3/4	1	1	1/8		1/8	1	92														
12	11	123/4	123/4	0.25	3/16	3/16	Chord	3/4	1	1	1/16		1/16	1	93								5						
12	11	31	31	1.0	1/4	1/4	Chord	3/4	1	1	1/4		1/4	1	94														
12	11	32	32	1.0	1/2	1/2	Chord	3/4	1	1	1/4		1/4	1	95		articAccentAbove												
12	11	30	30	0.0	0	0	Spanner	3/4	2	1	0																		
12	11	30	30	0.0	0	0	Spanner	3/4	2	1	0													2	2				
12	11	30	30	1.0	0	0	Chord	3/4	2	1	1/4		1/4	1	96									2	2				
12	11	31	31	1.0	1/4	1/4	Chord	3/4	2	1	1/4		1/4	1	97									2	2				
12	11	32	32	1.0	1/2	1/2	Chord	3/4	2	1	1/4		1/4	1	98									2	2				
13	12	33	33	0.3333333333333333	0	0	Chord	3/4	1	1	1/12		1/8	2/3	99								6						
13	12	100/3	100/3	0.3333333333333333	1/12	1/12	Chord	3/4	1	1	1/12		1/8	2/3	100								6						
13	12	101/3	101/3	0.3333333333333333	1/6	1/6	Chord	3/4	1	1	1/12		1/8	2/3	101														
13	12	34	34	0.0	1/4	1/4	Chord	3/4	1	1	0	acciaccatura	1/8	1	102														
13	12	34	34	1.5	1/4	1/4	Chord	3/4	1	1	3/8		1/4	3/2	103														
13	12	71/2	71/2	0.5	5/8	5/8	Chord	3/4	1	1	1/8		1/8	1	104								7						
13	12	33	33	0.0	0	0	Spanner	3/4	2	1	0																		
13	12	33	33	0.0	0	0	Spanner	3/4	2	1	0													3	3				
13	12	33	33	1.0	0	0	Chord	3/4	2	1	1/4		1/4	1	105									3	3				
13	12	34	34	1.0	1/4	1/4	Chord	3/4	2	1	1/4		1/4	1	106		articAccentAbove							3	3				
14	13	36	36	0.5	0	0	Chord	3/4	1	1	1/8		1/8	1	107		articStaccatoAbove												
14	13	147/4	147/4	0.25	3/16	3/16	Chord	3/4	1	1	1/16		1/16	1	108								8						
14	13	37	37	1.5	1/4	1/4	Chord	3/4	1	1	3/8		1/4	3/2	109								8						
14	13	77/2	77/2	0.0	5/8	5/8	Spanner	3/4	1	1	0												8				0		
14	13	77/2	77/2	0.5	5/8	5/8	Chord	3/4	1	1	1/8		1/8	1	110								8				0		
14	13	36	36	0.0	0	0	Spanner	3/4	2	1	0																		
14	13	36	36	0.0	0	0	Spanner	3/4	2	1	0													4	4				
14	13	36	36	1.0	0	0	Chord	3/4	2	1	1/4		1/4	1	111									4	4				
14	13	37	37	1.0	1/4	1/4	Chord	3/4	2	1	1/4		1/4	1	112									4	4				
14	13	38	38	1.0	1/2	1/2	Chord	3/4	2	1	1/4		1/4	1	113									4	4				
15	14	39	39	0.0	0	0	Spanner	3/4	1	1	0												8						
15	14	39	39	0.75	0	0	Chord	3/4	1	1	3/16		1/8	3/2	114								8						
15	14	159/4	159/4	0.25	3/16	3/16	Chord	3/4	1	1	1/16		1/16	1	115								8						
15	14	40	40	1.0	1/4	1/4	Chord	3/4	1	1	1/4		1/4	1	116														
15	14	41	41	0.0	1/2	1/2	Dynamic	3/4	1	1	0					f													
15	14	41	41	0.0	1/2	1/2	StaffText	3/4	1	1	0							" <font face=""ScoreText""/>Óâ°"											
15	14	41	41	1.0	1/2	1/2	Chord	3/4	1	1	1/4		1/4	1	117		articAccentBelow						9						
15	14	39	39	0.0	0	0	Spanner	3/4	2	1	0																		
15	14	39	39	0.0	0	0	Spanner	3/4	2	1	0													5	5				
15	14	39	39	1.0	0	0	Chord	3/4	2	1	1/4		1/4	1	118									5	5				
15	14	40	40	1.0	1/4	1/4	Chord	3/4	2	1	1/4		1/4	1	119									5	5				
15	14	41	41	1.0	1/2	1/2	Chord	3/4	2	1	1/4		1/4	1	120									5	5				
16	15	42	42	0.0	0	0	StaffText	3/4	1	1	0							con forza											
16	15	42	42	0.5	0	0	Chord	3/4	1	1	1/8		1/8	1	121		articStaccatoBelow												
16	15	171/4	171/4	0.25	3/16	3/16	Chord	3/4	1	1	1/16		1/16	1	122								10						
16	15	43	43	1.0	1/4	1/4	Chord	3/4	1	1	1/4		1/4	1	123														
16	15	44	44	1.0	1/2	1/2	Chord	3/4	1	1	1/4		1/4	1	124														
16	15	42	42	0.0	0	0	Spanner	3/4	2	1	0																		
16	15	42	42	0.0	0	0	Spanner	3/4	2	1	0													6	6				
16	15	42	42	1.0	0	0	Chord	3/4	2	1	1/4		1/4	1	125									6	6				
16	15	43	43	1.0	1/4	1/4	Chord	3/4	2	1	1/4		1/4	1	126									6	6				
16	15	44	44	1.0	1/2	1/2	Chord	3/4	2	1	1/4		1/4	1	127									6	6				
17	16	45	45	0.0	0	0	Chord	3/4	1	1	0	acciaccatura	1/8	1	128														
17	16	45	45	2.0	0	0	Chord	3/4	1	1	1/2		1/2	1	129		articAccentBelow												
17	16	45	45	0.0	0	0	Spanner	3/4	2	1	0																		
17	16	45	45	0.0	0	0	Spanner	3/4	2	1	0													7	7				
17	16	45	45	1.0	0	0	Chord	3/4	2	1	1/4		1/4	1	130									7	7				
17	16	46	46	1.0	1/4	1/4	Chord	3/4	2	1	1/4		1/4	1	131									7	7				
18	16	47	47	0.0	0	1/2	StaffText	3/4	1	1	0							"leggiero
"											
18	16	47	47	1.0	0	1/2	Chord	3/4	1	1	1/4		1/4	1	132								11						
18	16	47	47	0.0	0	1/2	Spanner	3/4	2	1	0																		
19	17	48	48	0.5	0	0	Chord	3/4	1	1	1/8		1/8	1	133														
19	17	195/4	195/4	0.25	3/16	3/16	Chord	3/4	1	1	1/16		1/16	1	134								12						
19	17	49	49	1.0	1/4	1/4	Chord	3/4	1	1	1/4		1/4	1	135								12						
19	17	50	50	0.5	1/2	1/2	Chord	3/4	1	1	1/8		1/8	1	136								12						
19	17	101/2	101/2	0.5	5/8	5/8	Chord	3/4	1	1	1/8		1/8	1	137														
19	17	48	48	0.0	0	0	Spanner	3/4	2	1	0													8	8				
19	17	48	48	1.0	0	0	Chord	3/4	2	1	1/4		1/4	1	138									8	8				
19	17	49	49	1.0	1/4	1/4	Chord	3/4	2	1	1/4		1/4	1	139									8	8				
19	17	50	50	1.0	1/2	1/2	Chord	3/4	2	1	1/4		1/4	1	140									8	8				
20	18	51	51	0.5	0	0	Chord	3/4	1	1	1/8		1/8	1	141		articStaccatoBelow												
20	18	207/4	207/4	0.25	3/16	3/16	Chord	3/4	1	1	1/16		1/16	1	142								13						
20	18	52	52	0.5	1/4	1/4	Chord	3/4	1	1	1/8		1/8	1	143								13						
20	18	105/2	105/2	0.5	3/8	3/8	Chord	3/4	1	1	1/8		1/8	1	144								13						
20	18	53	53	1.0	1/2	1/2	Chord	3/4	1	1	1/4		1/4	1	145		articAccentAbove												
20	18	51	51	0.0	0	0	Spanner	3/4	2	1	0																		
20	18	51	51	0.0	0	0	Spanner	3/4	2	1	0													9	9				
20	18	51	51	1.0	0	0	Chord	3/4	2	1	1/4		1/4	1	146									9	9				
20	18	52	52	1.0	1/4	1/4	Chord	3/4	2	1	1/4		1/4	1	147									9	9				
20	18	53	53	1.0	1/2	1/2	Chord	3/4	2	1	1/4		1/4	1	148									9	9				
21	19	54	54	0.75	0	0	Chord	3/4	1	1	3/16		1/8	3/2	149		articAccentAbove												
21	19	219/4	219/4	0.25	3/16	3/16	Chord	3/4	1	1	1/16		1/16	1	150								14						
21	19	55	55	1.0	1/4	1/4	Chord	3/4	1	1	1/4		1/4	1	151		articStaccatoAbove												
21	19	56	56	0.5	1/2	1/2	Chord	3/4	1	1	1/8		1/8	1	152								15						
21	19	113/2	113/2	0.5	5/8	5/8	Chord	3/4	1	1	1/8		1/8	1	153														
21	19	54	54	0.0	0	0	Spanner	3/4	2	1	0																		
21	19	54	54	2.0	0	0	Chord	3/4	2	1	1/2		1/2	1	154								16						
21	19	56	56	1.0	1/2	1/2	Chord	3/4	2	1	1/4		1/4	1	155		articStaccatissimoBelow												
21	19	54	54	1.0	0	0	Chord	3/4	2	2	1/4		1/4	1	156														
21	19	55	55	1.0	1/4	1/4	Chord	3/4	2	2	1/4		1/4	1	157														
22	20	57	57	0.3333333333333333	0	0	Chord	3/4	1	1	1/12		1/8	2/3	158		articAccentAbove						17						
22	20	172/3	172/3	0.3333333333333333	1/12	1/12	Chord	3/4	1	1	1/12		1/8	2/3	159								17						
22	20	173/3	173/3	0.3333333333333333	1/6	1/6	Chord	3/4	1	1	1/12		1/8	2/3	160														
22	20	58	58	1.0	1/4	1/4	Chord	3/4	1	1	1/4		1/4	1	161														
22	20	59	59	0.5	1/2	1/2	Chord	3/4	1	1	1/8		1/8	1	162								18						
22	20	119/2	119/2	0.5	5/8	5/8	Chord	3/4	1	1	1/8		1/8	1	163														
22	20	57	57	2.0	0	0	Chord	3/4	2	1	1/2		1/2	1	164								19						
22	20	59	59	1.0	1/2	1/2	Chord	3/4	2	1	1/4		1/4	1	165		articStaccatissimoBelow												
22	20	57	57	1.0	0	0	Chord	3/4	2	2	1/4		1/4	1	166														
22	20	58	58	1.0	1/4	1/4	Chord	3/4	2	2	1/4		1/4	1	167														
23	21	60	60	0.5	0	0	Chord	3/4	1	1	1/8		1/8	1	168														
23	21	243/4	243/4	0.25	3/16	3/16	Chord	3/4	1	1	1/16		1/16	1	169														
23	21	61	61	0.0	1/4	1/4	Spanner	3/4	1	1	0															0			
23	21	61	61	1.0	1/4	1/4	Chord	3/4	1	1	1/4		1/4	1	170								20			0			
23	21	62	62	0.5	1/2	1/2	Chord	3/4	1	1	1/8		1/8	1	171								20			0			
23	21	125/2	125/2	0.5	5/8	5/8	Chord	3/4	1	1	1/8		1/8	1	172											0			
23	21	60	60	0.0	0	0	Spanner	3/4	2	1	0													10	10				
23	21	60	60	1.0	0	0	Chord	3/4	2	1	1/4		1/4	1	173									10	10				
23	21	61	61	1.0	1/4	1/4	Chord	3/4	2	1	1/4		1/4	1	174									10	10				
23	21	62	62	1.0	1/2	1/2	Chord	3/4	2	1	1/4		1/4	1	175									10	10				
24	22	63	63	0.0	0	0	Spanner	3/4	1	1	0																		
24	22	63	63	0.5	0	0	Chord	3/4	1	1	1/8		1/8	1	176														
24	22	255/4	255/4	0.25	3/16	3/16	Chord	3/4	1	1	1/16		1/16	1	177								21						
24	22	64	64	0.5	1/4	1/4	Chord	3/4	1	1	1/8		1/8	1	178								21						
24	22	129/2	129/2	0.5	3/8	3/8	Chord	3/4	1	1	1/8		1/8	1	179								21						
24	22	65	65	1.0	1/2	1/2	Chord	3/4	1	1	1/4		1/4	1	180		articAccentAbove												
24	22	63	63	0.0	0	0	Spanner	3/4	2	1	0																		
24	22	63	63	0.0	0	0	Spanner	3/4	2	1	0													11	11				
24	22	63	63	1.0	0	0	Chord	3/4	2	1	1/4		1/4	1	181		articStaccatoBelow							11	11				
24	22	64	64	1.0	1/4	1/4	Chord	3/4	2	1	1/4		1/4	1	182									11	11				
24	22	65	65	1.0	1/2	1/2	Chord	3/4	2	1	1/4		1/4	1	183									11	11				
25	23	66	66	0.5	0	0	Chord	3/4	1	1	1/8		1/8	1	184								22						
25	23	133/2	133/2	0.5	1/8	1/8	Chord	3/4	1	1	1/8		1/8	1	185								22						
25	23	67	67	1.0	1/4	1/4	Chord	3/4	1	1	1/4		1/4	1	186								22						
25	23	68	68	0.5	1/2	1/2	Chord	3/4	1	1	1/8		1/8	1	187														
25	23	137/2	137/2	0.5	5/8	5/8	Chord	3/4	1	1	1/8		1/8	1	188								23						
25	23	66	66	0.0	0	0	Spanner	3/4	2	1	0																		
25	23	66	66	2.0	0	0	Chord	3/4	2	1	1/2		1/2	1	189		articAccentAbove						24						
25	23	68	68	1.0	1/2	1/2	Chord	3/4	2	1	1/4		1/4	1	190		articStaccatissimoBelow												
25	23	66	66	1.0	0	0	Chord	3/4	2	2	1/4		1/4	1	191														
25	23	67	67	1.0	1/4	1/4	Chord	3/4	2	2	1/4		1/4	1	192														
26	24	69	69	0.0	0	0	StaffText	3/4	1	1	0							calando											
26	24	69	69	0.75	0	0	Chord	3/4	1	1	3/16		1/8	3/2	193														
26	24	279/4	279/4	0.25	3/16	3/16	Chord	3/4	1	1	1/16		1/16	1	194								25						
26	24	70	70	0.75	1/4	1/4	Chord	3/4	1	1	3/16		1/8	3/2	195														
26	24	283/4	283/4	0.25	7/16	7/16	Chord	3/4	1	1	1/16		1/16	1	196								26						
26	24	71	71	0.75	1/2	1/2	Chord	3/4	1	1	3/16		1/8	3/2	197														
26	24	287/4	287/4	0.25	11/16	11/16	Chord	3/4	1	1	1/16		1/16	1	198								27						
27	25	72	72	0.0	0	0	Tempo	3/4	1	1	0									atempo	35.0	1.0							
27	25	72	72	0.75	0	0	Chord	3/4	1	1	3/16		1/8	3/2	199														
27	25	291/4	291/4	0.25	3/16	3/16	Chord	3/4	1	1	1/16		1/16	1	200								28						
27	25	73	73	1.5	1/4	1/4	Chord	3/4	1	1	3/8		1/4	3/2	201								28						
27	25	149/2	149/2	0.5	5/8	5/8	Chord	3/4	1	1	1/8		1/8	1	202								28						
27	25	72	72	0.0	0	0	Spanner	3/4	2	1	0													12	12				
27	25	72	72	1.0	0	0	Chord	3/4	2	1	1/4		1/4	1	203									12	12				
27	25	73	73	1.0	1/4	1/4	Chord	3/4	2	1	1/4		1/4	1	204									12	12				
27	25	74	74	1.0	1/2	1/2	Chord	3/4	2	1	1/4		1/4	1	205									12	12				
28	26	75	75	0.75	0	0	Chord	3/4	1	1	3/16		1/8	3/2	206								28						
28	26	303/4	303/4	0.25	3/16	3/16	Chord	3/4	1	1	1/16		1/16	1	207								28						
28	26	76	76	1.0	1/4	1/4	Chord	3/4	1	1	1/4		1/4	1	208								28						
28	26	77	77	1.0	1/2	1/2	Chord	3/4	1	1	1/4		1/4	1	209								28						
28	26	75	75	0.0	0	0	Spanner	3/4	2	1	0																		
28	26	75	75	0.0	0	0	Spanner	3/4	2	1	0													13	13				
28	26	75	75	1.0	0	0	Chord	3/4	2	1	1/4		1/4	1	210									13	13				
28	26	76	76	1.0	1/4	1/4	Chord	3/4	2	1	1/4		1/4	1	211									13	13				
28	26	77	77	1.0	1/2	1/2	Chord	3/4	2	1	1/4		1/4	1	212									13	13				
29	27	78	78	0.5	0	0	Chord	3/4	1	1	1/8		1/8	1	213		articStaccatissimoAbove												
29	27	315/4	315/4	0.25	3/16	3/16	Chord	3/4	1	1	1/16		1/16	1	214								29						
29	27	79	79	1.0	1/4	1/4	Chord	3/4	1	1	1/4		1/4	1	215														
29	27	80	80	1.0	1/2	1/2	Chord	3/4	1	1	1/4		1/4	1	216		articAccentAbove												
29	27	78	78	0.0	0	0	Spanner	3/4	2	1	0																		
29	27	78	78	0.0	0	0	Spanner	3/4	2	1	0													14	14				
29	27	78	78	1.0	0	0	Chord	3/4	2	1	1/4		1/4	1	217									14	14				
29	27	79	79	1.0	1/4	1/4	Chord	3/4	2	1	1/4		1/4	1	218									14	14				
29	27	80	80	1.0	1/2	1/2	Chord	3/4	2	1	1/4		1/4	1	219									14	14				
30	28	81	81	0.3333333333333333	0	0	Chord	3/4	1	1	1/12		1/8	2/3	220								30						
30	28	244/3	244/3	0.3333333333333333	1/12	1/12	Chord	3/4	1	1	1/12		1/8	2/3	221								30						
30	28	245/3	245/3	0.3333333333333333	1/6	1/6	Chord	3/4	1	1	1/12		1/8	2/3	222														
30	28	82	82	0.0	1/4	1/4	Chord	3/4	1	1	0	acciaccatura	1/8	1	223														
30	28	82	82	1.5	1/4	1/4	Chord	3/4	1	1	3/8		1/4	3/2	224		articAccentAbove												
30	28	167/2	167/2	0.5	5/8	5/8	Chord	3/4	1	1	1/8		1/8	1	225														
30	28	81	81	0.0	0	0	Spanner	3/4	2	1	0																		
30	28	81	81	0.0	0	0	Spanner	3/4	2	1	0													15	15				
30	28	81	81	1.0	0	0	Chord	3/4	2	1	1/4		1/4	1	226									15	15				
30	28	82	82	1.0	1/4	1/4	Chord	3/4	2	1	1/4		1/4	1	227		articAccentAbove							15	15				
31	29	84	84	0.0	0	0	Dynamic	3/4	1	1	0					f													
31	29	84	84	0.5	0	0	Chord	3/4	1	1	1/8		1/8	1	228		articAccentAbove												
31	29	169/2	169/2	0.5	1/8	1/8	Chord	3/4	1	1	1/8		1/8	1	229		articAccentAbove												
31	29	85	85	1.0	1/4	1/4	Chord	3/4	1	1	1/4		1/4	1	230		articAccentAbove												
31	29	86	86	1.0	1/2	1/2	Chord	3/4	1	1	1/4		1/4	1	231		articAccentAbove												
31	29	84	84	0.0	0	0	Spanner	3/4	2	1	0																		
31	29	84	84	0.0	0	0	Spanner	3/4	2	1	0													16	16				
31	29	85	85	1.0	1/4	1/4	Chord	3/4	2	1	1/4		1/4	1	232									16	16				
31	29	86	86	1.0	1/2	1/2	Chord	3/4	2	1	1/4		1/4	1	233									16	16				
31	29	84	84	3.0	0	0	Chord	3/4	2	2	3/4		1/2	3/2	234									16	16				
32	30	87	87	0.5	0	0	Chord	3/4	1	1	1/8		1/8	1	235		articAccentAbove												
32	30	175/2	175/2	0.5	1/8	1/8	Chord	3/4	1	1	1/8		1/8	1	236		articAccentAbove												
32	30	88	88	0.5	1/4	1/4	Chord	3/4	1	1	1/8		1/8	1	237		articAccentBelow												
32	30	89	89	0.0	1/2	1/2	StaffText	3/4	1	1	0							" <font face=""ScoreText""/>Óâ°"											
32	30	89	89	1.0	1/2	1/2	Chord	3/4	1	1	1/4		1/4	1	238		ornamentTrill						31						
32	30	87	87	0.0	0	0	Spanner	3/4	2	1	0																		
32	30	87	87	0.0	0	0	Spanner	3/4	2	1	0													17	17				
32	30	87	87	1.0	0	0	Chord	3/4	2	1	1/4		1/4	1	239									17	17				
32	30	88	88	1.0	1/4	1/4	Chord	3/4	2	1	1/4		1/4	1	240									17	17				
33	31	90	90	0.0	0	0	StaffText	3/4	1	1	0							con forza											
33	31	90	90	0.5	0	0	Chord	3/4	1	1	1/8		1/8	1	241		articStaccatissimoBelow												
33	31	363/4	363/4	0.25	3/16	3/16	Chord	3/4	1	1	1/16		1/16	1	242								32						
33	31	91	91	1.0	1/4	1/4	Chord	3/4	1	1	1/4		1/4	1	243														
33	31	92	92	1.0	1/2	1/2	Chord	3/4	1	1	1/4		1/4	1	244														
33	31	90	90	0.0	0	0	Spanner	3/4	2	1	0																		
33	31	90	90	0.0	0	0	Spanner	3/4	2	1	0													18	18				
33	31	90	90	1.0	0	0	Chord	3/4	2	1	1/4		1/4	1	245									18	18				
33	31	91	91	1.0	1/4	1/4	Chord	3/4	2	1	1/4		1/4	1	246									18	18				
33	31	92	92	1.0	1/2	1/2	Chord	3/4	2	1	1/4		1/4	1	247									18	18				
34	32	93	93	0.0	0	0	Chord	3/4	1	1	0	acciaccatura	1/8	1	248														
34	32	93	93	2.0	0	0	Chord	3/4	1	1	1/2		1/2	1	249		articAccentBelow												
34	32	93	93	0.0	0	0	Spanner	3/4	2	1	0																		
34	32	93	93	1.0	0	0	Chord	3/4	2	1	1/4		1/4	1	250														
34	32	94	94	1.0	1/4	1/4	Chord	3/4	2	1	1/4		1/4	1	251														
35	32	95	95	0.0	0	1/2	Dynamic	3/4	1	1	0					p													
35	32	95	95	0.0	0	1/2	StaffText	3/4	1	1	0							<i>gajo</i>											
35	32	95	95	1.0	0	1/2	Chord	3/4	1	1	1/4		1/4	1	252								33						
36	33	96	96	0.0	0	0	Spanner	3/4	1	1	0												33			1			
36	33	96	96	0.5	0	0	Chord	3/4	1	1	1/8		1/8	1	253								33			1			
36	33	193/2	193/2	0.5	1/8	1/8	Chord	3/4	1	1	1/8		1/8	1	254								33			1			
36	33	97	97	0.0	1/4	1/4	Spanner	3/4	1	1	0												33						
36	33	97	97	1.5	1/4	1/4	Chord	3/4	1	1	3/8		1/4	3/2	255								33						
36	33	197/2	197/2	0.5	5/8	5/8	Chord	3/4	1	1	1/8		1/8	1	256														
36	33	96	96	0.0	0	0	Spanner	3/4	2	1	0													19	19				
36	33	96	96	1.0	0	0	Chord	3/4	2	1	1/4		1/4	1	257									19	19				
36	33	97	97	1.0	1/4	1/4	Chord	3/4	2	1	1/4		1/4	1	258									19	19				
36	33	98	98	1.0	1/2	1/2	Chord	3/4	2	1	1/4		1/4	1	259									19	19				
37	34	99	99	0.5	0	0	Chord	3/4	1	1	1/8		1/8	1	260								34						
37	34	199/2	199/2	0.5	1/8	1/8	Chord	3/4	1	1	1/8		1/8	1	261								34						
37	34	100	100	2.0	1/4	1/4	Chord	3/4	1	1	1/2		1/2	1	262		articAccentBelow												
37	34	99	99	0.0	0	0	Spanner	3/4	2	1	0																		
37	34	99	99	0.0	0	0	Spanner	3/4	2	1	0													20	20				
37	34	99	99	1.0	0	0	Chord	3/4	2	1	1/4		1/4	1	263									20	20				
37	34	100	100	1.0	1/4	1/4	Chord	3/4	2	1	1/4		1/4	1	264									20	20				
37	34	101	101	1.0	1/2	1/2	Chord	3/4	2	1	1/4		1/4	1	265									20	20				
38	35	102	102	0.0	0	0	Spanner	3/4	1	1	0															2			
38	35	102	102	0.5	0	0	Chord	3/4	1	1	1/8		1/8	1	266								35			2			
38	35	205/2	205/2	0.5	1/8	1/8	Chord	3/4	1	1	1/8		1/8	1	267								35			2			
38	35	103	103	1.0	1/4	1/4	Chord	3/4	1	1	1/4		1/4	1	268		articStaccatoAbove									2			
38	35	104	104	0.0	1/2	1/2	Spanner	3/4	1	1	0																		
38	35	104	104	0.0	1/2	1/2	Chord	3/4	1	1	0	acciaccatura	1/8	1	269														
38	35	104	104	0.5	1/2	1/2	Chord	3/4	1	1	1/8		1/8	1	270								36						
38	35	209/2	209/2	0.5	5/8	5/8	Chord	3/4	1	1	1/8		1/8	1	271								36						
38	35	102	102	0.0	0	0	Spanner	3/4	2	1	0													21	21				
38	35	102	102	0.0	0	0	Spanner	3/4	2	1	0													21	21				
38	35	102	102	1.0	0	0	Chord	3/4	2	1	1/4		1/4	1	272									21	21				
38	35	103	103	1.0	1/4	1/4	Chord	3/4	2	1	1/4		1/4	1	273									21	21				
38	35	104	104	1.0	1/2	1/2	Chord	3/4	2	1	1/4		1/4	1	274									21	21				
39	36	105	105	0.5	0	0	Chord	3/4	1	1	1/8		1/8	1	275								36						
39	36	211/2	211/2	0.5	1/8	1/8	Chord	3/4	1	1	1/8		1/8	1	276														
39	36	106	106	2.0	1/4	1/4	Chord	3/4	1	1	1/2		1/2	1	277		articAccentBelow												
39	36	105	105	0.0	0	0	Spanner	3/4	2	1	0																		
39	36	105	105	0.0	0	0	Spanner	3/4	2	1	0													22	22				
39	36	105	105	1.0	0	0	Chord	3/4	2	1	1/4		1/4	1	278									22	22				
39	36	106	106	1.0	1/4	1/4	Chord	3/4	2	1	1/4		1/4	1	279									22	22				
39	36	107	107	1.0	1/2	1/2	Chord	3/4	2	1	1/4		1/4	1	280									22	22				
40	37	108	108	0.0	0	0	Dynamic	3/4	1	1	0					p													
40	37	108	108	0.5	0	0	Chord	3/4	1	1	1/8		1/8	1	281								37						
40	37	217/2	217/2	0.5	1/8	1/8	Chord	3/4	1	1	1/8		1/8	1	282								37						
40	37	109	109	2.0	1/4	1/4	Chord	3/4	1	1	1/2		1/2	1	283														
40	37	108	108	1.0	0	0	Chord	3/4	1	2	1/4		1/4	1	284														
40	37	109	109	1.0	1/4	1/4	Chord	3/4	1	2	1/4		1/4	1	285														
40	37	110	110	1.0	1/2	1/2	Chord	3/4	1	2	1/4		1/4	1	286														
40	37	108	108	0.0	0	0	Spanner	3/4	2	1	0																		
40	37	108	108	1.0	0	0	Chord	3/4	2	1	1/4		1/4	1	287								38						
40	37	109	109	1.0	1/4	1/4	Chord	3/4	2	1	1/4		1/4	1	288		articStaccatoBelow						38						
40	37	110	110	1.0	1/2	1/2	Chord	3/4	2	1	1/4		1/4	1	289		articStaccatoBelow												
41	38	111	111	0.5	0	0	Chord	3/4	1	1	1/8		1/8	1	290								39						
41	38	223/2	223/2	0.0	1/8	1/8	Chord	3/4	1	1	0	acciaccatura	1/8	1	291								39						
41	38	223/2	223/2	0.5	1/8	1/8	Chord	3/4	1	1	1/8		1/8	1	292								39						
41	38	112	112	2.0	1/4	1/4	Chord	3/4	1	1	1/2		1/2	1	293														
41	38	111	111	1.0	0	0	Chord	3/4	1	2	1/4		1/4	1	294		articAccentBelow												
41	38	112	112	1.0	1/4	1/4	Chord	3/4	1	2	1/4		1/4	1	295														
41	38	113	113	1.0	1/2	1/2	Chord	3/4	1	2	1/4		1/4	1	296														
41	38	111	111	1.0	0	0	Chord	3/4	2	1	1/4		1/4	1	297								40						
41	38	112	112	1.0	1/4	1/4	Chord	3/4	2	1	1/4		1/4	1	298		articStaccatoBelow						40						
41	38	113	113	1.0	1/2	1/2	Chord	3/4	2	1	1/4		1/4	1	299		articStaccatoBelow												
42	39	114	114	0.5	0	0	Chord	3/4	1	1	1/8		1/8	1	300								41						
42	39	229/2	229/2	0.5	1/8	1/8	Chord	3/4	1	1	1/8		1/8	1	301								41						
42	39	115	115	1.0	1/4	1/4	Chord	3/4	1	1	1/4		1/4	1	302								41						
42	39	116	116	1.0	1/2	1/2	Chord	3/4	1	1	1/4		1/4	1	303														
42	39	114	114	1.0	0	0	Chord	3/4	1	2	1/4		1/4	1	304		articAccentBelow												
42	39	115	115	1.0	1/4	1/4	Chord	3/4	1	2	1/4		1/4	1	305														
42	39	116	116	1.0	1/2	1/2	Chord	3/4	1	2	1/4		1/4	1	306														
42	39	114	114	1.0	0	0	Chord	3/4	2	1	1/4		1/4	1	307								42						
42	39	115	115	1.0	1/4	1/4	Chord	3/4	2	1	1/4		1/4	1	308		articStaccatoBelow						42						
42	39	116	116	1.0	1/2	1/2	Chord	3/4	2	1	1/4		1/4	1	309		articStaccatoBelow												
43	40	117	117	0.5	0	0	Chord	3/4	1	1	1/8		1/8	1	310								43						
43	40	235/2	235/2	0.5	1/8	1/8	Chord	3/4	1	1	1/8		1/8	1	311								43						
43	40	118	118	0.0	1/4	1/4	Dynamic	3/4	1	1	0					f													
43	40	118	118	1.0	1/4	1/4	Chord	3/4	1	1	1/4		1/4	1	312		articAccentBelow												
43	40	117	117	1.0	0	0	Chord	3/4	1	2	1/4		1/4	1	313														
43	40	117	117	1.0	0	0	Chord	3/4	2	1	1/4		1/4	1	314														
43	40	118	118	1.0	1/4	1/4	Chord	3/4	2	1	1/4		1/4	1	315		articAccentBelow												
43	40	119	119	0.0	1/2	1/2	Spanner	3/4	2	1	0													23	23				
43	40	119	119	1.0	1/2	1/2	Chord	3/4	2	1	1/4		1/4	1	316		articAccentBelow							23	23				
43	40	117	117	0.75	0	0	Chord	3/4	2	2	3/16		1/8	3/2	317									23	23				
43	40	471/4	471/4	0.25	3/16	3/16	Chord	3/4	2	2	1/16		1/16	1	318									23	23				
44	41	120	120	0.0	0	0	Dynamic	3/4	1	1	0					f													
44	41	120	120	0.5	0	0	Chord	3/4	1	1	1/8		1/8	1	319								44						
44	41	241/2	241/2	0.5	1/8	1/8	Chord	3/4	1	1	1/8		1/8	1	320								44						
44	41	121	121	1.5	1/4	1/4	Chord	3/4	1	1	3/8		1/4	3/2	321		articAccentAbove						44						
44	41	245/2	245/2	0.5	5/8	5/8	Chord	3/4	1	1	1/8		1/8	1	322														
44	41	121	121	1.0	1/4	1/4	Chord	3/4	2	1	1/4		1/4	1	323									23	23				
44	41	122	122	1.0	1/2	1/2	Chord	3/4	2	1	1/4		1/4	1	324									23	23				
45	42	123	123	0.5	0	0	Chord	3/4	1	1	1/8		1/8	1	325								45						
45	42	247/2	247/2	0.5	1/8	1/8	Chord	3/4	1	1	1/8		1/8	1	326														
45	42	124	124	2.0	1/4	1/4	Chord	3/4	1	1	1/2		1/2	1	327		articAccentBelow												
45	42	123	123	0.0	0	0	Spanner	3/4	2	1	0																		
45	42	123	123	0.0	0	0	Spanner	3/4	2	1	0													24	24				
45	42	123	123	1.0	0	0	Chord	3/4	2	1	1/4		1/4	1	328									24	24				
45	42	124	124	1.0	1/4	1/4	Chord	3/4	2	1	1/4		1/4	1	329									24	24				
45	42	125	125	1.0	1/2	1/2	Chord	3/4	2	1	1/4		1/4	1	330									24	24				
46	43	126	126	0.5	0	0	Chord	3/4	1	1	1/8		1/8	1	331								46						
46	43	253/2	253/2	0.5	1/8	1/8	Chord	3/4	1	1	1/8		1/8	1	332								46						
46	43	127	127	1.0	1/4	1/4	Chord	3/4	1	1	1/4		1/4	1	333														
46	43	128	128	0.0	1/2	1/2	Chord	3/4	1	1	0	acciaccatura	1/8	1	334														
46	43	128	128	0.5	1/2	1/2	Chord	3/4	1	1	1/8		1/8	1	335								47						
46	43	257/2	257/2	0.5	5/8	5/8	Chord	3/4	1	1	1/8		1/8	1	336														
46	43	126	126	0.0	0	0	Spanner	3/4	2	1	0																		
46	43	126	126	0.0	0	0	Spanner	3/4	2	1	0													25	25				
46	43	126	126	1.0	0	0	Chord	3/4	2	1	1/4		1/4	1	337									25	25				
46	43	127	127	1.0	1/4	1/4	Chord	3/4	2	1	1/4		1/4	1	338									25	25				
46	43	128	128	1.0	1/2	1/2	Chord	3/4	2	1	1/4		1/4	1	339									25	25				
47	44	129	129	0.5	0	0	Chord	3/4	1	1	1/8		1/8	1	340								48						
47	44	259/2	259/2	0.5	1/8	1/8	Chord	3/4	1	1	1/8		1/8	1	341								48						
47	44	130	130	2.0	1/4	1/4	Chord	3/4	1	1	1/2		1/2	1	342		articAccentBelow												
47	44	129	129	0.0	0	0	Spanner	3/4	2	1	0																		
47	44	129	129	0.0	0	0	Spanner	3/4	2	1	0													26	26				
47	44	129	129	1.0	0	0	Chord	3/4	2	1	1/4		1/4	1	343									26	26				
47	44	130	130	1.0	1/4	1/4	Chord	3/4	2	1	1/4		1/4	1	344									26	26				
47	44	131	131	1.0	1/2	1/2	Chord	3/4	2	1	1/4		1/4	1	345									26	26				
48	45	132	132	0.5	0	0	Chord	3/4	1	1	1/8		1/8	1	346								49						
48	45	265/2	265/2	0.5	1/8	1/8	Chord	3/4	1	1	1/8		1/8	1	347								49						
48	45	133	133	2.0	1/4	1/4	Chord	3/4	1	1	1/2		1/2	1	348		articAccentAbove												
48	45	132	132	1.0	0	0	Chord	3/4	1	2	1/4		1/4	1	349														
48	45	133	133	1.0	1/4	1/4	Chord	3/4	1	2	1/4		1/4	1	350														
48	45	134	134	1.0	1/2	1/2	Chord	3/4	1	2	1/4		1/4	1	351														
48	45	132	132	0.0	0	0	Spanner	3/4	2	1	0																		
48	45	132	132	1.0	0	0	Chord	3/4	2	1	1/4		1/4	1	352														
48	45	133	133	1.0	1/4	1/4	Chord	3/4	2	1	1/4		1/4	1	353		articStaccatoBelow												
48	45	134	134	1.0	1/2	1/2	Chord	3/4	2	1	1/4		1/4	1	354		articStaccatoBelow												
49	46	135	135	0.5	0	0	Chord	3/4	1	1	1/8		1/8	1	355								50						
49	46	271/2	271/2	0.0	1/8	1/8	Chord	3/4	1	1	0	acciaccatura	1/8	1	356								50						
49	46	271/2	271/2	0.5	1/8	1/8	Chord	3/4	1	1	1/8		1/8	1	357								50						
49	46	136	136	0.0	1/4	1/4	Spanner	3/4	1	1	0																	0	0
49	46	136	136	2.0	1/4	1/4	Chord	3/4	1	1	1/2		1/2	1	358		articAccentAbove											0	0
49	46	135	135	1.0	0	0	Chord	3/4	1	2	1/4		1/4	1	359		articAccentBelow											0	0
49	46	136	136	1.0	1/4	1/4	Chord	3/4	1	2	1/4		1/4	1	360													0	0
49	46	137	137	1.0	1/2	1/2	Chord	3/4	1	2	1/4		1/4	1	361													0	0
49	46	135	135	1.0	0	0	Chord	3/4	2	1	1/4		1/4	1	362														
49	46	136	136	1.0	1/4	1/4	Chord	3/4	2	1	1/4		1/4	1	363								51						
49	46	137	137	1.0	1/2	1/2	Chord	3/4	2	1	1/4		1/4	1	364								51						
50	47	138	138	0.0	0	0	Spanner	3/4	1	1	0																		
50	47	138	138	0.5	0	0	Chord	3/4	1	1	1/8		1/8	1	365								52						
50	47	277/2	277/2	0.5	1/8	1/8	Chord	3/4	1	1	1/8		1/8	1	366								52						
50	47	139	139	1.0	1/4	1/4	Chord	3/4	1	1	1/4		1/4	1	367		articStaccatoAbove						52						
50	47	140	140	1.0	1/2	1/2	Chord	3/4	1	1	1/4		1/4	1	368		articStaccatoAbove												
50	47	138	138	1.0	0	0	Chord	3/4	1	2	1/4		1/4	1	369		articAccentBelow												
50	47	139	139	1.0	1/4	1/4	Chord	3/4	1	2	1/4		1/4	1	370														
50	47	140	140	1.0	1/2	1/2	Chord	3/4	1	2	1/4		1/4	1	371														
50	47	138	138	1.0	0	0	Chord	3/4	2	1	1/4		1/4	1	372														
50	47	139	139	1.0	1/4	1/4	Chord	3/4	2	1	1/4		1/4	1	373														
50	47	140	140	1.0	1/2	1/2	Chord	3/4	2	1	1/4		1/4	1	374														
51	48	141	141	0.5	0	0	Chord	3/4	1	1	1/8		1/8	1	375								53						
51	48	283/2	283/2	0.5	1/8	1/8	Chord	3/4	1	1	1/8		1/8	1	376								53						
51	48	142	142	1.0	1/4	1/4	Chord	3/4	1	1	1/4		1/4	1	377		articAccentAbove												
51	48	141	141	1.0	0	0	Chord	3/4	1	2	1/4		1/4	1	378		articAccentBelow												
51	48	142	142	1.0	1/4	1/4	Chord	3/4	1	2	1/4		1/4	1	379														
51	48	143	143	0.5	1/2	1/2	Chord	3/4	1	2	1/8		1/8	1	380								54						
51	48	287/2	287/2	0.5	5/8	5/8	Chord	3/4	1	2	1/8		1/8	1	381								54						
51	48	141	141	1.0	0	0	Chord	3/4	2	1	1/4		1/4	1	382														
51	48	142	142	1.0	1/4	1/4	Chord	3/4	2	1	1/4		1/4	1	383														
51	48	143	143	1.0	1/2	1/2	Chord	3/4	2	1	1/4		1/4	1	384														
52	49	144	144	0.0	0	0	StaffText	3/4	1	1	0							<i>sotto voce</i>											
52	49	144	144	0.0	0	0	Dynamic	3/4	1	1	0					p													
52	49	144	144	1.0	0	0	Chord	3/4	1	1	1/4		1/4	1	385														
52	49	145	145	2.0	1/4	1/4	Chord	3/4	1	1	1/2		1/2	1	386		articAccentAbove												
52	49	144	144	1.0	0	0	Chord	3/4	1	2	1/4		1/4	1	387														
52	49	145	145	1.0	1/4	1/4	Chord	3/4	1	2	1/4		1/4	1	388														
52	49	146	146	0.5	1/2	1/2	Chord	3/4	1	2	1/8		1/8	1	389								55						
52	49	293/2	293/2	0.5	5/8	5/8	Chord	3/4	1	2	1/8		1/8	1	390														
52	49	144	144	1.0	0	0	Chord	3/4	2	1	1/4		1/4	1	391														
52	49	145	145	2.0	1/4	1/4	Chord	3/4	2	1	1/2		1/2	1	392		articAccentBelow												
53	50	147	147	1.0	0	0	Chord	3/4	1	1	1/4		1/4	1	393														
53	50	148	148	0.0	1/4	1/4	StaffText	3/4	1	1	0							<i>sempre legato</i>											
53	50	148	148	2.0	1/4	1/4	Chord	3/4	1	1	1/2		1/2	1	394		articAccentAbove												
53	50	147	147	0.5	0	0	Chord	3/4	1	2	1/8		1/8	1	395														
53	50	295/2	295/2	0.5	1/8	1/8	Chord	3/4	1	2	1/8		1/8	1	396														
53	50	148	148	1.5	1/4	1/4	Chord	3/4	1	2	3/8		1/4	3/2	397														
53	50	299/2	299/2	0.5	5/8	5/8	Chord	3/4	1	2	1/8		1/8	1	398														
53	50	147	147	1.0	0	0	Chord	3/4	2	1	1/4		1/4	1	399														
53	50	148	148	2.0	1/4	1/4	Chord	3/4	2	1	1/2		1/2	1	400		articAccentBelow												
54	51	150	150	1.0	0	0	Chord	3/4	1	1	1/4		1/4	1	401														
54	51	151	151	2.0	1/4	1/4	Chord	3/4	1	1	1/2		1/2	1	402		articAccentAbove												
54	51	150	150	0.3333333333333333	0	0	Chord	3/4	1	2	1/12		1/8	2/3	403								56						
54	51	451/3	451/3	0.3333333333333333	1/12	1/12	Chord	3/4	1	2	1/12		1/8	2/3	404								56						
54	51	452/3	452/3	0.3333333333333333	1/6	1/6	Chord	3/4	1	2	1/12		1/8	2/3	405								56						
54	51	151	151	1.0	1/4	1/4	Chord	3/4	1	2	1/4		1/4	1	406								56						
54	51	152	152	0.5	1/2	1/2	Chord	3/4	1	2	1/8		1/8	1	407								56						
54	51	305/2	305/2	0.5	5/8	5/8	Chord	3/4	1	2	1/8		1/8	1	408														
54	51	150	150	1.0	0	0	Chord	3/4	2	1	1/4		1/4	1	409														
54	51	151	151	2.0	1/4	1/4	Chord	3/4	2	1	1/2		1/2	1	410		articAccentBelow												
55	52	153	153	1.0	0	0	Chord	3/4	1	1	1/4		1/4	1	411														
55	52	154	154	2.0	1/4	1/4	Chord	3/4	1	1	1/2		1/2	1	412		articAccentAbove												
55	52	153	153	0.3333333333333333	0	0	Chord	3/4	1	2	1/12		1/8	2/3	413														
55	52	460/3	460/3	0.3333333333333333	1/12	1/12	Chord	3/4	1	2	1/12		1/8	2/3	414														
55	52	461/3	461/3	0.3333333333333333	1/6	1/6	Chord	3/4	1	2	1/12		1/8	2/3	415														
55	52	154	154	2.0	1/4	1/4	Chord	3/4	1	2	1/2		1/2	1	416														
55	52	153	153	1.0	0	0	Chord	3/4	2	1	1/4		1/4	1	417														
55	52	154	154	2.0	1/4	1/4	Chord	3/4	2	1	1/2		1/2	1	418		articAccentBelow												
56	53	156	156	1.0	0	0	Chord	3/4	1	1	1/4		1/4	1	419		articAccentAbove												
56	53	157	157	1.0	1/4	1/4	Chord	3/4	1	1	1/4		1/4	1	420		articAccentAbove												
56	53	158	158	1.0	1/2	1/2	Chord	3/4	1	1	1/4		1/4	1	421		articAccentAbove												
56	53	156	156	0.3333333333333333	0	0	Chord	3/4	1	2	1/12		1/8	2/3	422								57						
56	53	469/3	469/3	0.3333333333333333	1/12	1/12	Chord	3/4	1	2	1/12		1/8	2/3	423								57						
56	53	470/3	470/3	0.3333333333333333	1/6	1/6	Chord	3/4	1	2	1/12		1/8	2/3	424								57						
56	53	157	157	1.0	1/4	1/4	Chord	3/4	1	2	1/4		1/4	1	425														
56	53	158	158	0.5	1/2	1/2	Chord	3/4	1	2	1/8		1/8	1	426								58						
56	53	317/2	317/2	0.5	5/8	5/8	Chord	3/4	1	2	1/8		1/8	1	427								58						
56	53	156	156	1.0	0	0	Chord	3/4	2	1	1/4		1/4	1	428														
56	53	157	157	1.0	1/4	1/4	Chord	3/4	2	1	1/4		1/4	1	429														
56	53	158	158	1.0	1/2	1/2	Chord	3/4	2	1	1/4		1/4	1	430														
57	54	159	159	1.0	0	0	Chord	3/4	1	1	1/4		1/4	1	431		articAccentAbove												
57	54	160	160	1.0	1/4	1/4	Chord	3/4	1	1	1/4		1/4	1	432		articAccentAbove												
57	54	161	161	1.0	1/2	1/2	Chord	3/4	1	1	1/4		1/4	1	433		articAccentAbove												
57	54	159	159	0.5	0	0	Chord	3/4	1	2	1/8		1/8	1	434								58						
57	54	319/2	319/2	0.5	1/8	1/8	Chord	3/4	1	2	1/8		1/8	1	435								58						
57	54	160	160	0.0	1/4	1/4	Chord	3/4	1	2	0	acciaccatura	1/8	1	436								58						
57	54	160	160	0.5	1/4	1/4	Chord	3/4	1	2	1/8		1/8	1	437								58						
57	54	321/2	321/2	0.5	3/8	3/8	Chord	3/4	1	2	1/8		1/8	1	438								58						
57	54	161	161	0.5	1/2	1/2	Chord	3/4	1	2	1/8		1/8	1	439								58						
57	54	323/2	323/2	0.5	5/8	5/8	Chord	3/4	1	2	1/8		1/8	1	440														
57	54	159	159	1.0	0	0	Chord	3/4	2	1	1/4		1/4	1	441														
57	54	160	160	1.0	1/4	1/4	Chord	3/4	2	1	1/4		1/4	1	442														
57	54	161	161	1.0	1/2	1/2	Chord	3/4	2	1	1/4		1/4	1	443														
58	55	162	162	1.0	0	0	Chord	3/4	1	1	1/4		1/4	1	444														
58	55	163	163	1.0	1/4	1/4	Chord	3/4	1	1	1/4		1/4	1	445														
58	55	164	164	1.0	1/2	1/2	Chord	3/4	1	1	1/4		1/4	1	446														
58	55	162	162	0.3333333333333333	0	0	Chord	3/4	1	2	1/12		1/8	2/3	447														
58	55	487/3	487/3	0.3333333333333333	1/12	1/12	Chord	3/4	1	2	1/12		1/8	2/3	448														
58	55	488/3	488/3	0.3333333333333333	1/6	1/6	Chord	3/4	1	2	1/12		1/8	2/3	449														
58	55	163	163	1.0	1/4	1/4	Chord	3/4	1	2	1/4		1/4	1	450														
58	55	164	164	0.5	1/2	1/2	Chord	3/4	1	2	1/8		1/8	1	451		articStaccatoBelow						59						
58	55	329/2	329/2	0.5	5/8	5/8	Chord	3/4	1	2	1/8		1/8	1	452		articStaccatoBelow												
58	55	162	162	1.0	0	0	Chord	3/4	2	1	1/4		1/4	1	453														
58	55	163	163	1.0	1/4	1/4	Chord	3/4	2	1	1/4		1/4	1	454														
58	55	164	164	1.0	1/2	1/2	Chord	3/4	2	1	1/4		1/4	1	455														
59	56	165	165	0.3333333333333333	0	0	Chord	3/4	1	1	1/12		1/8	2/3	456		articStaccatoBelow						60						
59	56	496/3	496/3	0.3333333333333333	1/12	1/12	Chord	3/4	1	1	1/12		1/8	2/3	457		articStaccatoBelow						60						
59	56	497/3	497/3	0.3333333333333333	1/6	1/6	Chord	3/4	1	1	1/12		1/8	2/3	458		articStaccatoBelow												
59	56	166	166	1.0	1/4	1/4	Chord	3/4	1	1	1/4		1/4	1	459														
59	56	167	167	1.0	1/2	1/2	Chord	3/4	1	1	1/4		1/4	1	460		articAccentBelow						61						
59	56	165	165	1.0	0	0	Chord	3/4	2	1	1/4		1/4	1	461														
59	56	166	166	1.0	1/4	1/4	Chord	3/4	2	1	1/4		1/4	1	462														
60	57	168	168	0.0	0	0	Dynamic	3/4	1	1	0					p													
60	57	168	168	0.5	0	0	Chord	3/4	1	1	1/8		1/8	1	463														
60	57	675/4	675/4	0.25	3/16	3/16	Chord	3/4	1	1	1/16		1/16	1	464								62						
60	57	169	169	1.5	1/4	1/4	Chord	3/4	1	1	3/8		1/4	3/2	465								62						
60	57	341/2	341/2	0.5	5/8	5/8	Chord	3/4	1	1	1/8		1/8	1	466														
60	57	168	168	0.0	0	0	Spanner	3/4	2	1	0													27	27				
60	57	168	168	1.0	0	0	Chord	3/4	2	1	1/4		1/4	1	467									27	27				
60	57	169	169	1.0	1/4	1/4	Chord	3/4	2	1	1/4		1/4	1	468									27	27				
60	57	170	170	1.0	1/2	1/2	Chord	3/4	2	1	1/4		1/4	1	469									27	27				
61	58	171	171	0.75	0	0	Chord	3/4	1	1	3/16		1/8	3/2	470								63						
61	58	687/4	687/4	0.25	3/16	3/16	Chord	3/4	1	1	1/16		1/16	1	471								63						
61	58	172	172	1.0	1/4	1/4	Chord	3/4	1	1	1/4		1/4	1	472								63						
61	58	173	173	1.0	1/2	1/2	Chord	3/4	1	1	1/4		1/4	1	473								63						
61	58	171	171	0.0	0	0	Spanner	3/4	2	1	0																		
61	58	171	171	0.0	0	0	Spanner	3/4	2	1	0													28	28				
61	58	171	171	1.0	0	0	Chord	3/4	2	1	1/4		1/4	1	474									28	28				
61	58	172	172	1.0	1/4	1/4	Chord	3/4	2	1	1/4		1/4	1	475									28	28				
61	58	173	173	1.0	1/2	1/2	Chord	3/4	2	1	1/4		1/4	1	476									28	28				
62	59	174	174	0.5	0	0	Chord	3/4	1	1	1/8		1/8	1	477														
62	59	699/4	699/4	0.25	3/16	3/16	Chord	3/4	1	1	1/16		1/16	1	478								64						
62	59	175	175	1.0	1/4	1/4	Chord	3/4	1	1	1/4		1/4	1	479								64						
62	59	176	176	1.0	1/2	1/2	Chord	3/4	1	1	1/4		1/4	1	480		articAccentAbove												
62	59	174	174	0.0	0	0	Spanner	3/4	2	1	0																		
62	59	174	174	0.0	0	0	Spanner	3/4	2	1	0													29	29				
62	59	174	174	1.0	0	0	Chord	3/4	2	1	1/4		1/4	1	481									29	29				
62	59	175	175	1.0	1/4	1/4	Chord	3/4	2	1	1/4		1/4	1	482									29	29				
62	59	176	176	1.0	1/2	1/2	Chord	3/4	2	1	1/4		1/4	1	483									29	29				
63	60	177	177	0.3333333333333333	0	0	Chord	3/4	1	1	1/12		1/8	2/3	484														
63	60	532/3	532/3	0.3333333333333333	1/12	1/12	Chord	3/4	1	1	1/12		1/8	2/3	485														
63	60	533/3	533/3	0.3333333333333333	1/6	1/6	Chord	3/4	1	1	1/12		1/8	2/3	486														
63	60	178	178	0.0	1/4	1/4	Chord	3/4	1	1	0	acciaccatura	1/8	1	487														
63	60	178	178	1.5	1/4	1/4	Chord	3/4	1	1	3/8		1/4	3/2	488														
63	60	359/2	359/2	0.5	5/8	5/8	Chord	3/4	1	1	1/8		1/8	1	489								65						
63	60	177	177	0.0	0	0	Spanner	3/4	2	1	0																		
63	60	177	177	0.0	0	0	Spanner	3/4	2	1	0													30	30				
63	60	177	177	1.0	0	0	Chord	3/4	2	1	1/4		1/4	1	490									30	30				
63	60	178	178	1.0	1/4	1/4	Chord	3/4	2	1	1/4		1/4	1	491		articAccentAbove							30	30				
64	61	180	180	0.0	0	0	Spanner	3/4	1	1	0																1		
64	61	180	180	0.5	0	0	Chord	3/4	1	1	1/8		1/8	1	492		articStaccatissimoAbove										1		
64	61	361/2	361/2	0.0	1/8	1/8	Spanner	3/4	1	1	0																		
64	61	723/4	723/4	0.25	3/16	3/16	Chord	3/4	1	1	1/16		1/16	1	493								66						
64	61	181	181	1.5	1/4	1/4	Chord	3/4	1	1	3/8		1/4	3/2	494								66						
64	61	365/2	365/2	0.5	5/8	5/8	Chord	3/4	1	1	1/8		1/8	1	495								66						
64	61	180	180	0.0	0	0	Spanner	3/4	2	1	0																		
64	61	180	180	0.0	0	0	Spanner	3/4	2	1	0													31	31				
64	61	180	180	1.0	0	0	Chord	3/4	2	1	1/4		1/4	1	496									31	31				
64	61	181	181	1.0	1/4	1/4	Chord	3/4	2	1	1/4		1/4	1	497									31	31				
64	61	182	182	1.0	1/2	1/2	Chord	3/4	2	1	1/4		1/4	1	498									31	31				
65	62	183	183	0.75	0	0	Chord	3/4	1	1	3/16		1/8	3/2	499								66						
65	62	735/4	735/4	0.25	3/16	3/16	Chord	3/4	1	1	1/16		1/16	1	500								66						
65	62	184	184	1.0	1/4	1/4	Chord	3/4	1	1	1/4		1/4	1	501														
65	62	185	185	1.0	1/2	1/2	Chord	3/4	1	1	1/4		1/4	1	502		ornamentTrill						67						
65	62	183	183	0.0	0	0	Spanner	3/4	2	1	0																		
65	62	183	183	0.0	0	0	Spanner	3/4	2	1	0													32	32				
65	62	183	183	1.0	0	0	Chord	3/4	2	1	1/4		1/4	1	503									32	32				
65	62	184	184	1.0	1/4	1/4	Chord	3/4	2	1	1/4		1/4	1	504									32	32				
65	62	185	185	1.0	1/2	1/2	Chord	3/4	2	1	1/4		1/4	1	505									32	32				
66	63	186	186	0.0	0	0	StaffText	3/4	1	1	0							con forza											
66	63	186	186	0.5	0	0	Chord	3/4	1	1	1/8		1/8	1	506														
66	63	747/4	747/4	0.25	3/16	3/16	Chord	3/4	1	1	1/16		1/16	1	507								68						
66	63	187	187	1.0	1/4	1/4	Chord	3/4	1	1	1/4		1/4	1	508														
66	63	188	188	1.0	1/2	1/2	Chord	3/4	1	1	1/4		1/4	1	509		articAccentBelow												
66	63	186	186	0.0	0	0	Spanner	3/4	2	1	0																		
66	63	186	186	0.0	0	0	Spanner	3/4	2	1	0													33	33				
66	63	186	186	1.0	0	0	Chord	3/4	2	1	1/4		1/4	1	510									33	33				
66	63	187	187	1.0	1/4	1/4	Chord	3/4	2	1	1/4		1/4	1	511									33	33				
66	63	188	188	1.0	1/2	1/2	Chord	3/4	2	1	1/4		1/4	1	512									33	33				
67	64	189	189	0.0	0	0	Chord	3/4	1	1	0	acciaccatura	1/8	1	513														
67	64	189	189	2.0	0	0	Chord	3/4	1	1	1/2		1/2	1	514														
67	64	191	191	0.0	1/2	1/2	Dynamic	3/4	1	1	0					p													
67	64	191	191	1.0	1/2	1/2	Chord	3/4	1	1	1/4		1/4	1	515								69						
67	64	189	189	0.0	0	0	Spanner	3/4	2	1	0																		
67	64	189	189	0.0	0	0	Spanner	3/4	2	1	0													34	34				
67	64	189	189	1.0	0	0	Chord	3/4	2	1	1/4		1/4	1	516									34	34				
67	64	190	190	1.0	1/4	1/4	Chord	3/4	2	1	1/4		1/4	1	517									34	34				
68	65	192	192	0.0	0	0	StaffText	3/4	1	1	0							rubato					69						
68	65	192	192	0.5	0	0	Chord	3/4	1	1	1/8		1/8	1	518		articStaccatoAbove						69						
68	65	385/2	385/2	0.5	1/8	1/8	Chord	3/4	1	1	1/8		1/8	1	519		articStaccatoAbove						69						
68	65	193	193	1.0	1/4	1/4	Chord	3/4	1	1	1/4		1/4	1	520		articStaccatoAbove						69						
68	65	194	194	1.0	1/2	1/2	Chord	3/4	1	1	1/4		1/4	1	521		articStaccatoAbove						69						
68	65	192	192	0.0	0	0	Spanner	3/4	2	1	0																		
68	65	192	192	0.0	0	0	Spanner	3/4	2	1	0													35	35				
68	65	192	192	1.0	0	0	Chord	3/4	2	1	1/4		1/4	1	522									35	35				
68	65	193	193	1.0	1/4	1/4	Chord	3/4	2	1	1/4		1/4	1	523									35	35				
68	65	194	194	1.0	1/2	1/2	Chord	3/4	2	1	1/4		1/4	1	524									35	35				
69	66	195	195	0.5	0	0	Chord	3/4	1	1	1/8		1/8	1	525		articStaccatoAbove						69						
69	66	391/2	391/2	0.5	1/8	1/8	Chord	3/4	1	1	1/8		1/8	1	526		articStaccatoAbove						69						
69	66	196	196	1.0	1/4	1/4	Chord	3/4	1	1	1/4		1/4	1	527		articStaccatoAbove						69						
69	66	197	197	1.0	1/2	1/2	Chord	3/4	1	1	1/4		1/4	1	528		articStaccatoAbove												
69	66	195	195	0.0	0	0	Spanner	3/4	2	1	0																		
69	66	195	195	0.0	0	0	Spanner	3/4	2	1	0													36	36				
69	66	195	195	1.0	0	0	Chord	3/4	2	1	1/4		1/4	1	529									36	36				
69	66	196	196	1.0	1/4	1/4	Chord	3/4	2	1	1/4		1/4	1	530									36	36				
69	66	197	197	1.0	1/2	1/2	Chord	3/4	2	1	1/4		1/4	1	531									36	36				
70	67	198	198	0.3333333333333333	0	0	Chord	3/4	1	1	1/12		1/8	2/3	532														
70	67	595/3	595/3	0.0	1/12	1/12	Chord	3/4	1	1	0	acciaccatura	1/8	2/3	533														
70	67	595/3	595/3	0.3333333333333333	1/12	1/12	Chord	3/4	1	1	1/12		1/8	2/3	534														
70	67	1193/6	1193/6	0.16666666666666666	5/24	5/24	Chord	3/4	1	1	1/24		1/16	2/3	535														
70	67	199	199	1.0	1/4	1/4	Chord	3/4	1	1	1/4		1/4	1	536														
70	67	200	200	1.0	1/2	1/2	Chord	3/4	1	1	1/4		1/4	1	537		articAccentAbove												
70	67	198	198	0.0	0	0	Spanner	3/4	2	1	0																		
70	67	198	198	0.0	0	0	Spanner	3/4	2	1	0													37	37				
70	67	198	198	1.0	0	0	Chord	3/4	2	1	1/4		1/4	1	538									37	37				
70	67	199	199	1.0	1/4	1/4	Chord	3/4	2	1	1/4		1/4	1	539									37	37				
70	67	200	200	1.0	1/2	1/2	Chord	3/4	2	1	1/4		1/4	1	540									37	37				
71	68	201	201	0.0	0	0	Chord	3/4	1	1	0	acciaccatura	1/8	2/3	541														
71	68	201	201	0.3333333333333333	0	0	Chord	3/4	1	1	1/12		1/8	2/3	542														
71	68	604/3	604/3	0.3333333333333333	1/12	1/12	Chord	3/4	1	1	1/12		1/8	2/3	543														
71	68	605/3	605/3	0.3333333333333333	1/6	1/6	Chord	3/4	1	1	1/12		1/8	2/3	544														
71	68	202	202	0.0	1/4	1/4	Chord	3/4	1	1	0	acciaccatura	1/8	1	545														
71	68	202	202	1.5	1/4	1/4	Chord	3/4	1	1	3/8		1/4	3/2	546														
71	68	407/2	407/2	0.5	5/8	5/8	Chord	3/4	1	1	1/8		1/8	1	547														
71	68	201	201	0.0	0	0	Spanner	3/4	2	1	0																		
71	68	201	201	0.0	0	0	Spanner	3/4	2	1	0													38	38				
71	68	201	201	1.0	0	0	Chord	3/4	2	1	1/4		1/4	1	548									38	38				
71	68	202	202	1.0	1/4	1/4	Chord	3/4	2	1	1/4		1/4	1	549									38	38				
72	69	204	204	0.0	0	0	Dynamic	3/4	1	1	0					f													
72	69	204	204	0.5	0	0	Chord	3/4	1	1	1/8		1/8	1	550		articStaccatoAbove						70						
72	69	819/4	819/4	0.25	3/16	3/16	Chord	3/4	1	1	1/16		1/16	1	551		articStaccatoAbove						70						
72	69	205	205	1.0	1/4	1/4	Chord	3/4	1	1	1/4		1/4	1	552		articStaccatoAbove						70						
72	69	206	206	1.0	1/2	1/2	Chord	3/4	1	1	1/4		1/4	1	553		articStaccatoAbove						70						
72	69	204	204	0.0	0	0	Spanner	3/4	2	1	0																		
72	69	204	204	0.0	0	0	Spanner	3/4	2	1	0													39	39				
72	69	204	204	1.0	0	0	Chord	3/4	2	1	1/4		1/4	1	554									39	39				
72	69	205	205	1.0	1/4	1/4	Chord	3/4	2	1	1/4		1/4	1	555									39	39				
72	69	206	206	1.0	1/2	1/2	Chord	3/4	2	1	1/4		1/4	1	556									39	39				
73	70	207	207	0.5	0	0	Chord	3/4	1	1	1/8		1/8	1	557		articStaccatoAbove						70						
73	70	831/4	831/4	0.25	3/16	3/16	Chord	3/4	1	1	1/16		1/16	1	558		articStaccatoAbove						70						
73	70	208	208	1.0	1/4	1/4	Chord	3/4	1	1	1/4		1/4	1	559														
73	70	209	209	0.0	1/2	1/2	StaffText	3/4	1	1	0							" <font face=""ScoreText""/>Óâ°"											
73	70	209	209	1.0	1/2	1/2	Chord	3/4	1	1	1/4		1/4	1	560		articAccentBelow						71						
73	70	207	207	0.0	0	0	Spanner	3/4	2	1	0																		
73	70	207	207	0.0	0	0	Spanner	3/4	2	1	0													40	40				
73	70	207	207	1.0	0	0	Chord	3/4	2	1	1/4		1/4	1	561									40	40				
73	70	208	208	1.0	1/4	1/4	Chord	3/4	2	1	1/4		1/4	1	562									40	40				
74	71	210	210	0.0	0	0	StaffText	3/4	1	1	0							con forza											
74	71	210	210	0.5	0	0	Chord	3/4	1	1	1/8		1/8	1	563														
74	71	843/4	843/4	0.25	3/16	3/16	Chord	3/4	1	1	1/16		1/16	1	564								72						
74	71	211	211	1.0	1/4	1/4	Chord	3/4	1	1	1/4		1/4	1	565														
74	71	212	212	1.0	1/2	1/2	Chord	3/4	1	1	1/4		1/4	1	566		articAccentBelow												
74	71	210	210	0.0	0	0	Spanner	3/4	2	1	0																		
74	71	210	210	0.0	0	0	Spanner	3/4	2	1	0													41	41				
74	71	210	210	1.0	0	0	Chord	3/4	2	1	1/4		1/4	1	567									41	41				
74	71	211	211	1.0	1/4	1/4	Chord	3/4	2	1	1/4		1/4	1	568									41	41				
74	71	212	212	1.0	1/2	1/2	Chord	3/4	2	1	1/4		1/4	1	569									41	41				
75	72	213	213	0.0	0	0	Chord	3/4	1	1	0	acciaccatura	1/8	1	570														
75	72	213	213	3.0	0	0	Chord	3/4	1	1	3/4		1/2	3/2	571		articAccentBelow												
75	72	213	213	0.0	0	0	Spanner	3/4	2	1	0																		
75	72	213	213	0.0	0	0	Spanner	3/4	2	1	0													42	42				
75	72	213	213	1.0	0	0	Chord	3/4	2	1	1/4		1/4	1	572									42	42				
75	72	214	214	1.0	1/4	1/4	Chord	3/4	2	1	1/4		1/4	1	573									42	42				
75	72	216	216	0.0	3/4	3/4	Spanner	3/4	2	1	0																		
